--
-- PostgreSQL database dump
--

-- Dumped from database version 15.13 (Debian 15.13-1.pgdg120+1)
-- Dumped by pg_dump version 15.13 (Debian 15.13-1.pgdg120+1)

SET statement_timeout = 0;
SET lock_timeout = 0;
SET idle_in_transaction_session_timeout = 0;
SET client_encoding = 'UTF8';
SET standard_conforming_strings = on;
SELECT pg_catalog.set_config('search_path', '', false);
SET check_function_bodies = false;
SET xmloption = content;
SET client_min_messages = warning;
SET row_security = off;

SET default_tablespace = '';

SET default_table_access_method = heap;

--
-- Name: accounts_customuser; Type: TABLE; Schema: public; Owner: fishtail
--

CREATE TABLE public.accounts_customuser (
    id bigint NOT NULL,
    password character varying(128) NOT NULL,
    last_login timestamp with time zone,
    is_superuser boolean NOT NULL,
    email character varying(254) NOT NULL,
    first_name character varying(150) NOT NULL,
    last_name character varying(150) NOT NULL,
    is_active boolean NOT NULL,
    is_staff boolean NOT NULL,
    date_joined timestamp with time zone NOT NULL
);


ALTER TABLE public.accounts_customuser OWNER TO fishtail;

--
-- Name: accounts_customuser_groups; Type: TABLE; Schema: public; Owner: fishtail
--

CREATE TABLE public.accounts_customuser_groups (
    id bigint NOT NULL,
    customuser_id bigint NOT NULL,
    group_id integer NOT NULL
);


ALTER TABLE public.accounts_customuser_groups OWNER TO fishtail;

--
-- Name: accounts_customuser_groups_id_seq; Type: SEQUENCE; Schema: public; Owner: fishtail
--

ALTER TABLE public.accounts_customuser_groups ALTER COLUMN id ADD GENERATED BY DEFAULT AS IDENTITY (
    SEQUENCE NAME public.accounts_customuser_groups_id_seq
    START WITH 1
    INCREMENT BY 1
    NO MINVALUE
    NO MAXVALUE
    CACHE 1
);


--
-- Name: accounts_customuser_id_seq; Type: SEQUENCE; Schema: public; Owner: fishtail
--

ALTER TABLE public.accounts_customuser ALTER COLUMN id ADD GENERATED BY DEFAULT AS IDENTITY (
    SEQUENCE NAME public.accounts_customuser_id_seq
    START WITH 1
    INCREMENT BY 1
    NO MINVALUE
    NO MAXVALUE
    CACHE 1
);


--
-- Name: accounts_customuser_user_permissions; Type: TABLE; Schema: public; Owner: fishtail
--

CREATE TABLE public.accounts_customuser_user_permissions (
    id bigint NOT NULL,
    customuser_id bigint NOT NULL,
    permission_id integer NOT NULL
);


ALTER TABLE public.accounts_customuser_user_permissions OWNER TO fishtail;

--
-- Name: accounts_customuser_user_permissions_id_seq; Type: SEQUENCE; Schema: public; Owner: fishtail
--

ALTER TABLE public.accounts_customuser_user_permissions ALTER COLUMN id ADD GENERATED BY DEFAULT AS IDENTITY (
    SEQUENCE NAME public.accounts_customuser_user_permissions_id_seq
    START WITH 1
    INCREMENT BY 1
    NO MINVALUE
    NO MAXVALUE
    CACHE 1
);


--
-- Name: auth_group; Type: TABLE; Schema: public; Owner: fishtail
--

CREATE TABLE public.auth_group (
    id integer NOT NULL,
    name character varying(150) NOT NULL
);


ALTER TABLE public.auth_group OWNER TO fishtail;

--
-- Name: auth_group_id_seq; Type: SEQUENCE; Schema: public; Owner: fishtail
--

ALTER TABLE public.auth_group ALTER COLUMN id ADD GENERATED BY DEFAULT AS IDENTITY (
    SEQUENCE NAME public.auth_group_id_seq
    START WITH 1
    INCREMENT BY 1
    NO MINVALUE
    NO MAXVALUE
    CACHE 1
);


--
-- Name: auth_group_permissions; Type: TABLE; Schema: public; Owner: fishtail
--

CREATE TABLE public.auth_group_permissions (
    id bigint NOT NULL,
    group_id integer NOT NULL,
    permission_id integer NOT NULL
);


ALTER TABLE public.auth_group_permissions OWNER TO fishtail;

--
-- Name: auth_group_permissions_id_seq; Type: SEQUENCE; Schema: public; Owner: fishtail
--

ALTER TABLE public.auth_group_permissions ALTER COLUMN id ADD GENERATED BY DEFAULT AS IDENTITY (
    SEQUENCE NAME public.auth_group_permissions_id_seq
    START WITH 1
    INCREMENT BY 1
    NO MINVALUE
    NO MAXVALUE
    CACHE 1
);


--
-- Name: auth_permission; Type: TABLE; Schema: public; Owner: fishtail
--

CREATE TABLE public.auth_permission (
    id integer NOT NULL,
    name character varying(255) NOT NULL,
    content_type_id integer NOT NULL,
    codename character varying(100) NOT NULL
);


ALTER TABLE public.auth_permission OWNER TO fishtail;

--
-- Name: auth_permission_id_seq; Type: SEQUENCE; Schema: public; Owner: fishtail
--

ALTER TABLE public.auth_permission ALTER COLUMN id ADD GENERATED BY DEFAULT AS IDENTITY (
    SEQUENCE NAME public.auth_permission_id_seq
    START WITH 1
    INCREMENT BY 1
    NO MINVALUE
    NO MAXVALUE
    CACHE 1
);


--
-- Name: customer_customer; Type: TABLE; Schema: public; Owner: fishtail
--

CREATE TABLE public.customer_customer (
    id bigint NOT NULL,
    created_at timestamp with time zone NOT NULL,
    updated_at timestamp with time zone NOT NULL,
    name character varying(100) NOT NULL,
    date_of_birth date NOT NULL,
    email character varying(254) NOT NULL,
    phone_number character varying(15) NOT NULL,
    nationality character varying(2) NOT NULL,
    home_address text NOT NULL,
    parent_phone_number character varying(15) NOT NULL,
    visa_type character varying(100) NOT NULL,
    workplace_or_school_name character varying(255) NOT NULL,
    workplace_or_school_address text NOT NULL,
    workplace_or_school_phone character varying(20) NOT NULL,
    zairyu_card_number character varying(50) NOT NULL,
    zairyu_card_expire_date date NOT NULL,
    zairyu_card_pdf character varying(100),
    passport_pdf character varying(100),
    student_card_pdf character varying(100),
    status boolean NOT NULL,
    memo text,
    created_by_id bigint,
    updated_by_id bigint
);


ALTER TABLE public.customer_customer OWNER TO fishtail;

--
-- Name: customer_customer_id_seq; Type: SEQUENCE; Schema: public; Owner: fishtail
--

ALTER TABLE public.customer_customer ALTER COLUMN id ADD GENERATED BY DEFAULT AS IDENTITY (
    SEQUENCE NAME public.customer_customer_id_seq
    START WITH 1
    INCREMENT BY 1
    NO MINVALUE
    NO MAXVALUE
    CACHE 1
);


--
-- Name: django_admin_log; Type: TABLE; Schema: public; Owner: fishtail
--

CREATE TABLE public.django_admin_log (
    id integer NOT NULL,
    action_time timestamp with time zone NOT NULL,
    object_id text,
    object_repr character varying(200) NOT NULL,
    action_flag smallint NOT NULL,
    change_message text NOT NULL,
    content_type_id integer,
    user_id bigint NOT NULL,
    CONSTRAINT django_admin_log_action_flag_check CHECK ((action_flag >= 0))
);


ALTER TABLE public.django_admin_log OWNER TO fishtail;

--
-- Name: django_admin_log_id_seq; Type: SEQUENCE; Schema: public; Owner: fishtail
--

ALTER TABLE public.django_admin_log ALTER COLUMN id ADD GENERATED BY DEFAULT AS IDENTITY (
    SEQUENCE NAME public.django_admin_log_id_seq
    START WITH 1
    INCREMENT BY 1
    NO MINVALUE
    NO MAXVALUE
    CACHE 1
);


--
-- Name: django_content_type; Type: TABLE; Schema: public; Owner: fishtail
--

CREATE TABLE public.django_content_type (
    id integer NOT NULL,
    app_label character varying(100) NOT NULL,
    model character varying(100) NOT NULL
);


ALTER TABLE public.django_content_type OWNER TO fishtail;

--
-- Name: django_content_type_id_seq; Type: SEQUENCE; Schema: public; Owner: fishtail
--

ALTER TABLE public.django_content_type ALTER COLUMN id ADD GENERATED BY DEFAULT AS IDENTITY (
    SEQUENCE NAME public.django_content_type_id_seq
    START WITH 1
    INCREMENT BY 1
    NO MINVALUE
    NO MAXVALUE
    CACHE 1
);


--
-- Name: django_migrations; Type: TABLE; Schema: public; Owner: fishtail
--

CREATE TABLE public.django_migrations (
    id bigint NOT NULL,
    app character varying(255) NOT NULL,
    name character varying(255) NOT NULL,
    applied timestamp with time zone NOT NULL
);


ALTER TABLE public.django_migrations OWNER TO fishtail;

--
-- Name: django_migrations_id_seq; Type: SEQUENCE; Schema: public; Owner: fishtail
--

ALTER TABLE public.django_migrations ALTER COLUMN id ADD GENERATED BY DEFAULT AS IDENTITY (
    SEQUENCE NAME public.django_migrations_id_seq
    START WITH 1
    INCREMENT BY 1
    NO MINVALUE
    NO MAXVALUE
    CACHE 1
);


--
-- Name: django_session; Type: TABLE; Schema: public; Owner: fishtail
--

CREATE TABLE public.django_session (
    session_key character varying(40) NOT NULL,
    session_data text NOT NULL,
    expire_date timestamp with time zone NOT NULL
);


ALTER TABLE public.django_session OWNER TO fishtail;

--
-- Name: finance_hostelexpense; Type: TABLE; Schema: public; Owner: fishtail
--

CREATE TABLE public.finance_hostelexpense (
    id bigint NOT NULL,
    created_at timestamp with time zone NOT NULL,
    updated_at timestamp with time zone NOT NULL,
    purchased_date date NOT NULL,
    purchased_by character varying(255) NOT NULL,
    bill_url text NOT NULL,
    memo text NOT NULL,
    approved_by character varying(255) NOT NULL,
    amount_before_tax numeric(10,2) NOT NULL,
    amount_tax numeric(10,2) NOT NULL,
    amount_total numeric(10,2) NOT NULL,
    created_by_id bigint,
    hostel_id bigint NOT NULL,
    updated_by_id bigint,
    status character varying(10) DEFAULT 'pending'::character varying NOT NULL,
    transaction_code character varying(6)
);


ALTER TABLE public.finance_hostelexpense OWNER TO fishtail;

--
-- Name: finance_hostelexpense_id_seq; Type: SEQUENCE; Schema: public; Owner: fishtail
--

ALTER TABLE public.finance_hostelexpense ALTER COLUMN id ADD GENERATED BY DEFAULT AS IDENTITY (
    SEQUENCE NAME public.finance_hostelexpense_id_seq
    START WITH 1
    INCREMENT BY 1
    NO MINVALUE
    NO MAXVALUE
    CACHE 1
);


--
-- Name: finance_hostelrevenue; Type: TABLE; Schema: public; Owner: fishtail
--

CREATE TABLE public.finance_hostelrevenue (
    id bigint NOT NULL,
    created_at timestamp with time zone NOT NULL,
    updated_at timestamp with time zone NOT NULL,
    title character varying(20) NOT NULL,
    year integer NOT NULL,
    month integer NOT NULL,
    deposit numeric(10,2),
    deposit_discount_percent numeric(5,2),
    deposit_after_discount numeric(10,2),
    initial_fee numeric(10,2),
    initial_fee_discount_percent numeric(5,2),
    initial_fee_after_discount numeric(10,2),
    internet numeric(10,2),
    utilities numeric(10,2),
    rent numeric(10,2),
    rent_discount_percent numeric(5,2),
    rent_after_discount numeric(10,2),
    total_amount numeric(10,2),
    memo text,
    created_by_id bigint,
    customer_id bigint NOT NULL,
    updated_by_id bigint
);


ALTER TABLE public.finance_hostelrevenue OWNER TO fishtail;

--
-- Name: finance_hostelrevenue_id_seq; Type: SEQUENCE; Schema: public; Owner: fishtail
--

ALTER TABLE public.finance_hostelrevenue ALTER COLUMN id ADD GENERATED BY DEFAULT AS IDENTITY (
    SEQUENCE NAME public.finance_hostelrevenue_id_seq
    START WITH 1
    INCREMENT BY 1
    NO MINVALUE
    NO MAXVALUE
    CACHE 1
);


--
-- Name: hostel_bed; Type: TABLE; Schema: public; Owner: fishtail
--

CREATE TABLE public.hostel_bed (
    id bigint NOT NULL,
    created_at timestamp with time zone NOT NULL,
    updated_at timestamp with time zone NOT NULL,
    bed_num character varying(20) NOT NULL,
    assigned_date date,
    released_date date,
    created_by_id bigint,
    customer_id bigint,
    unit_id bigint NOT NULL,
    updated_by_id bigint
);


ALTER TABLE public.hostel_bed OWNER TO fishtail;

--
-- Name: hostel_bed_id_seq; Type: SEQUENCE; Schema: public; Owner: fishtail
--

ALTER TABLE public.hostel_bed ALTER COLUMN id ADD GENERATED BY DEFAULT AS IDENTITY (
    SEQUENCE NAME public.hostel_bed_id_seq
    START WITH 1
    INCREMENT BY 1
    NO MINVALUE
    NO MAXVALUE
    CACHE 1
);


--
-- Name: hostel_bedassignmenthistory; Type: TABLE; Schema: public; Owner: fishtail
--

CREATE TABLE public.hostel_bedassignmenthistory (
    id bigint NOT NULL,
    created_at timestamp with time zone NOT NULL,
    updated_at timestamp with time zone NOT NULL,
    assigned_date date NOT NULL,
    released_date date NOT NULL,
    bed_id bigint NOT NULL,
    created_by_id bigint,
    customer_id bigint NOT NULL,
    updated_by_id bigint
);


ALTER TABLE public.hostel_bedassignmenthistory OWNER TO fishtail;

--
-- Name: hostel_bedassignmenthistory_id_seq; Type: SEQUENCE; Schema: public; Owner: fishtail
--

ALTER TABLE public.hostel_bedassignmenthistory ALTER COLUMN id ADD GENERATED BY DEFAULT AS IDENTITY (
    SEQUENCE NAME public.hostel_bedassignmenthistory_id_seq
    START WITH 1
    INCREMENT BY 1
    NO MINVALUE
    NO MAXVALUE
    CACHE 1
);


--
-- Name: hostel_hostel; Type: TABLE; Schema: public; Owner: fishtail
--

CREATE TABLE public.hostel_hostel (
    id bigint NOT NULL,
    created_at timestamp with time zone NOT NULL,
    updated_at timestamp with time zone NOT NULL,
    name character varying(255) NOT NULL,
    common_name character varying(255),
    hostel_type character varying(20) NOT NULL,
    image character varying(100),
    total_rooms integer NOT NULL,
    address text NOT NULL,
    longitude numeric(15,10),
    latitude numeric(15,10),
    memo text,
    contract_start_date date,
    contract_end_date date,
    house_owner character varying(100),
    hw_contact_num character varying(15),
    deposit_fee numeric(10,2) NOT NULL,
    initial_fee numeric(10,2) NOT NULL,
    internet_fee numeric(10,2) NOT NULL,
    utilities_fee numeric(10,2) NOT NULL,
    rent numeric(10,2) NOT NULL,
    created_by_id bigint,
    hostel_manager_id bigint,
    updated_by_id bigint,
    CONSTRAINT hostel_hostel_total_rooms_check CHECK ((total_rooms >= 0))
);


ALTER TABLE public.hostel_hostel OWNER TO fishtail;

--
-- Name: hostel_hostel_id_seq; Type: SEQUENCE; Schema: public; Owner: fishtail
--

ALTER TABLE public.hostel_hostel ALTER COLUMN id ADD GENERATED BY DEFAULT AS IDENTITY (
    SEQUENCE NAME public.hostel_hostel_id_seq
    START WITH 1
    INCREMENT BY 1
    NO MINVALUE
    NO MAXVALUE
    CACHE 1
);


--
-- Name: hostel_unit; Type: TABLE; Schema: public; Owner: fishtail
--

CREATE TABLE public.hostel_unit (
    id bigint NOT NULL,
    created_at timestamp with time zone NOT NULL,
    updated_at timestamp with time zone NOT NULL,
    unit_type character varying(20) NOT NULL,
    room_num character varying(20),
    num_of_beds integer,
    unit_id character varying(50),
    image character varying(100),
    memo text,
    created_by_id bigint,
    hostel_id bigint NOT NULL,
    updated_by_id bigint,
    CONSTRAINT hostel_unit_num_of_beds_check CHECK ((num_of_beds >= 0))
);


ALTER TABLE public.hostel_unit OWNER TO fishtail;

--
-- Name: hostel_unit_id_seq; Type: SEQUENCE; Schema: public; Owner: fishtail
--

ALTER TABLE public.hostel_unit ALTER COLUMN id ADD GENERATED BY DEFAULT AS IDENTITY (
    SEQUENCE NAME public.hostel_unit_id_seq
    START WITH 1
    INCREMENT BY 1
    NO MINVALUE
    NO MAXVALUE
    CACHE 1
);


--
-- Data for Name: accounts_customuser; Type: TABLE DATA; Schema: public; Owner: fishtail
--

COPY public.accounts_customuser (id, password, last_login, is_superuser, email, first_name, last_name, is_active, is_staff, date_joined) FROM stdin;
4	pbkdf2_sha256$600000$3OSyzlbmWKL8HCW2odlCBN$mYKLxOskUGe+AxoPLGa+3uCuufa8Y9msm5Kod8brHao=	2025-06-02 07:17:42.123618+00	f	rimalsharehouse@fishtail.jp			t	t	2025-06-02 07:15:35.849196+00
2	pbkdf2_sha256$600000$beBvhOKK38wQKfG7QDP7lC$FBQednT6BQgtYeAIoYG/rzZLvulXe5mGa4zKa7d4mw4=	2025-06-11 06:05:23.553469+00	t	aryalsanjib@fishtail.jp	Sanjib	Aryal	t	t	2025-05-28 08:18:15.56917+00
3	pbkdf2_sha256$600000$TugbfUtQOMZgkeAtdUgLuG$nAHIxu+TzEAmEpgecO31G/8llYi92n5f/q5RENCgMV8=	2025-06-15 09:04:48.022666+00	f	tejushirish@fishtail.jp	Teju	Shrees	t	t	2025-05-28 08:35:01.902983+00
1	pbkdf2_sha256$600000$aLFsglKHwgLACMIdf6eht2$Q5oHH9/HRDJCwk6nf2k/MrSLobI4eX+FXX2Axcb8Mes=	2025-06-16 05:02:59.248475+00	t	webmaster@fishtail.jp	Manoj	Adhikari	t	t	2025-05-26 15:37:46.305192+00
\.


--
-- Data for Name: accounts_customuser_groups; Type: TABLE DATA; Schema: public; Owner: fishtail
--

COPY public.accounts_customuser_groups (id, customuser_id, group_id) FROM stdin;
\.


--
-- Data for Name: accounts_customuser_user_permissions; Type: TABLE DATA; Schema: public; Owner: fishtail
--

COPY public.accounts_customuser_user_permissions (id, customuser_id, permission_id) FROM stdin;
\.


--
-- Data for Name: auth_group; Type: TABLE DATA; Schema: public; Owner: fishtail
--

COPY public.auth_group (id, name) FROM stdin;
1	Add Expenses
\.


--
-- Data for Name: auth_group_permissions; Type: TABLE DATA; Schema: public; Owner: fishtail
--

COPY public.auth_group_permissions (id, group_id, permission_id) FROM stdin;
1	1	57
2	1	58
3	1	60
\.


--
-- Data for Name: auth_permission; Type: TABLE DATA; Schema: public; Owner: fishtail
--

COPY public.auth_permission (id, name, content_type_id, codename) FROM stdin;
1	Can add log entry	1	add_logentry
2	Can change log entry	1	change_logentry
3	Can delete log entry	1	delete_logentry
4	Can view log entry	1	view_logentry
5	Can add permission	2	add_permission
6	Can change permission	2	change_permission
7	Can delete permission	2	delete_permission
8	Can view permission	2	view_permission
9	Can add group	3	add_group
10	Can change group	3	change_group
11	Can delete group	3	delete_group
12	Can view group	3	view_group
13	Can add content type	4	add_contenttype
14	Can change content type	4	change_contenttype
15	Can delete content type	4	delete_contenttype
16	Can view content type	4	view_contenttype
17	Can add session	5	add_session
18	Can change session	5	change_session
19	Can delete session	5	delete_session
20	Can view session	5	view_session
21	Can add custom user	6	add_customuser
22	Can change custom user	6	change_customuser
23	Can delete custom user	6	delete_customuser
24	Can view custom user	6	view_customuser
25	Can add bed	7	add_bed
26	Can change bed	7	change_bed
27	Can delete bed	7	delete_bed
28	Can view bed	7	view_bed
29	Can add hostel	8	add_hostel
30	Can change hostel	8	change_hostel
31	Can delete hostel	8	delete_hostel
32	Can view hostel	8	view_hostel
33	Can add unit	9	add_unit
34	Can change unit	9	change_unit
35	Can delete unit	9	delete_unit
36	Can view unit	9	view_unit
37	Can add bed assignment history	10	add_bedassignmenthistory
38	Can change bed assignment history	10	change_bedassignmenthistory
39	Can delete bed assignment history	10	delete_bedassignmenthistory
40	Can view bed assignment history	10	view_bedassignmenthistory
41	Can add customer	11	add_customer
42	Can change customer	11	change_customer
43	Can delete customer	11	delete_customer
44	Can view customer	11	view_customer
45	Can add revenue	12	add_revenue
46	Can change revenue	12	change_revenue
47	Can delete revenue	12	delete_revenue
48	Can view revenue	12	view_revenue
49	Can add expense	13	add_expense
50	Can change expense	13	change_expense
51	Can delete expense	13	delete_expense
52	Can view expense	13	view_expense
53	Can add hostel revenue	14	add_hostelrevenue
54	Can change hostel revenue	14	change_hostelrevenue
55	Can delete hostel revenue	14	delete_hostelrevenue
56	Can view hostel revenue	14	view_hostelrevenue
57	Can add hostel expense	15	add_hostelexpense
58	Can change hostel expense	15	change_hostelexpense
59	Can delete hostel expense	15	delete_hostelexpense
60	Can view hostel expense	15	view_hostelexpense
\.


--
-- Data for Name: customer_customer; Type: TABLE DATA; Schema: public; Owner: fishtail
--

COPY public.customer_customer (id, created_at, updated_at, name, date_of_birth, email, phone_number, nationality, home_address, parent_phone_number, visa_type, workplace_or_school_name, workplace_or_school_address, workplace_or_school_phone, zairyu_card_number, zairyu_card_expire_date, zairyu_card_pdf, passport_pdf, student_card_pdf, status, memo, created_by_id, updated_by_id) FROM stdin;
3	2025-06-03 03:44:17.861416+00	2025-06-03 03:44:17.861435+00	MALLA SANJU	2003-02-27	thakurisanju27@gmail.com	09092472205	NP	4北区赤羽台3-19-	09708974822	Student	ECC japanese language school	ECC japanese language school	0353313140	UH36742192FA	2026-05-08				t		3	3
4	2025-06-03 08:40:27.98895+00	2025-06-03 08:40:27.988981+00	Pun Basanti	1998-09-23	thakurisanju28@gmail.com	08064753855	NP	4北区赤羽台3-19-	9863481886	Student	ECC japanese language school	ECC japanese language school	0353313140	UH336307770	2026-05-08				t		3	3
6	2025-06-03 08:50:08.191082+00	2025-06-03 08:50:08.1911+00	KATUWAL SARITA	2004-06-09	saritakatuwal312@gmail.com	09082062799	NP	北区赤羽台3-19-4	09869556364	Student	ECC japanese language school	ECC japanese language school	0353313140	UH169185761H	2026-06-07				t		3	3
7	2025-06-03 09:03:39.512784+00	2025-06-03 09:03:39.512801+00	Chaudhari Laxmi	2004-07-08	aakanxa324@gmail.com	09083672348	NP	北区赤羽台3-19-4	9856395564	Student	ECC japanese language school	ECC japanese language school	0353313140	UH70240223F	2026-07-24				t		3	3
26	2025-06-05 09:46:03.534571+00	2025-06-13 09:20:53.03707+00	Lamichhane Samir	2003-04-05	samirlamichhane2060@gmail.com	07091462519	NP	新宿区新宿7-27-16-201	9848449633	Student	Tokyo wasanda foregin language	Tokyo wasanda foregin language	0333656171	UH80716182GA	2026-04-07				t		3	3
9	2025-06-03 09:42:42.133513+00	2025-06-03 09:42:42.133532+00	Tamang Samiksha	1992-02-04	samikshatamang50@yahoo.com	08048137105	NP	新宿区新宿7-27-16-102	9813022612	Student	Tokyo,Japanese language Center	Tokyo,Japanese language Center	0334333378	UH96865433FA	2026-05-08				t		3	3
10	2025-06-04 05:21:07.159255+00	2025-06-04 05:21:07.159272+00	Gautam Shishir	2006-01-29	gautamshishir84@gmail.com	07085966379	NP	新宿区新宿7-27-16-102	9856395564	Student	Hana International Academy	Hana International Academy	03-3603-2400	UH09915638FA	2026-04-07				t		3	3
12	2025-06-04 05:49:54.321043+00	2025-06-15 02:00:13.010794+00	Subedi Sunita	2002-01-18	sunitasubedi0594@gmail.com	070633329096	NP	東京都中野区東中野3-14-2-101	9846266117	Student	Tokyo wasanda foregin language	Tokyo wasanda foregin laguage	030-6457-3767	SA79208853FA	2025-03-10				f		3	3
13	2025-06-04 05:57:12.150659+00	2025-06-04 05:57:12.150679+00	Gaihre Paudel Puja	1995-06-21	gairepuja@gmail.com	9816191977	NP	東京都中野区東中野3-14-2-101	9816191977	Student	Tokyo wasanda foregin language	Tokyo wasanda foregin laguage	030-6457-3767	SA81581705FA	2025-03-10				t		3	3
15	2025-06-04 06:56:15.148347+00	2025-06-04 06:56:15.148365+00	Regmi Suman	2003-03-23	sumanregmi490@gmail.com	070642769529	NP	北区浮間3-1-2-107	09825101914	Student	Shinjuku japanese school	Shinjuku japanese school	00000000	UH63580688FA	2026-06-28				t		3	3
16	2025-06-04 07:07:38.41976+00	2025-06-04 07:07:38.419779+00	Gurung Muna	1999-08-18	sangitagurung2079@gmail.com	0863775411	NP	豊島区池袋1-16-4-103	9825136938	Student	Omiya senmon gakkou	Omiya senmon gakkou	05058305326	SA80575412EA	2025-04-06				t		3	3
17	2025-06-04 07:23:13.361041+00	2025-06-04 07:23:13.361059+00	Shahi Namuna	2004-03-31	namunashahinamuna@gamil.com	09057877335	NP	東京都新宿区北新宿4-28-1-402	9762598637	Student	Elite vision japanes language school	Elite Vision japanese language school	0359374355	SA11135295GA	2025-07-13				t		3	3
18	2025-06-04 07:28:55.135551+00	2025-06-04 07:28:55.135569+00	Shahi Babita Kumari	2001-11-28	namunashahinamuna1@gamil.com1	07085506386	NP	東京都新宿区北新宿4-28-1-402	09057877335	Student	Elite vision japanese language school	Elite vision japanese language school	0359374355	SA99174096FA	2025-07-11				t		3	3
14	2025-06-04 06:20:24.124977+00	2025-06-04 09:28:11.022986+00	Thapa Bishnu Kumari	1999-12-28	kumarithapabishnu8@gmail.com	0853326924	NP	東京都中野区東中野3-14-2-101	09846266117	Student	Tokyo wasanda foregin language	Tokyo wasada foregin language	030-6457-3767	SA867939905FA	2025-02-10				t		3	3
19	2025-06-04 09:37:14.363173+00	2025-06-04 09:37:14.363191+00	Shrestha Anjali	2002-01-14	shresthaanjali670@gmail.com	07037870193	NP	東京都中野区東中野3-14-2-101	08071027789	Student	Tokyo central japanese sinanomachima	Tokyo central japanese language sinanomchima	0333545051	SA79529658FA	2026-02-01				t		3	3
21	2025-06-05 05:06:08.011296+00	2025-06-05 05:06:08.011314+00	Upadhaya Krishna	2006-08-05	krishnasharma2225@gmail.com	08051393157	NP	北区浮間3-1-2-107	09092373431	Student	Sendagaya japanese college	sendagaya japanese college	03-5337-7001	UH46999054FA	2026-07-13				t		3	3
22	2025-06-05 05:12:37.914874+00	2025-06-05 05:12:37.914892+00	Shrestha Suraj	2003-11-16	sthasooraj199@gmail.com	09860376887	NP	北区浮間3-1-2-107	986669366	Student	ECC japanese language school	ECC japanese language school	000000353313140	UH47877296FA	2026-06-07				t		3	3
24	2025-06-05 05:48:19.857929+00	2025-06-05 05:48:19.857948+00	Roka Bandana	2003-06-08	itsmebandana00@gmail.com	07090500522	NP	新宿区西新宿8-1-11-503	09047441259	Student	Tokyo global senmon gakkou	Tokyo global senmon gakkou	03-5396-1895	SA06359768ER	2025-05-05				t		3	3
25	2025-06-05 05:59:03.124168+00	2025-06-05 05:59:03.124186+00	Majhi Kushan	2006-03-19	kusanmajhi294@gmail.com	09083814391	NP	: 東京都新宿区北新宿4-28-1-402	9803756432	Student	Human Academy Japanese Language School	Human Academy Japanese Language school	0353488951	UH25458077FA	2026-11-07				t		3	3
27	2025-06-05 09:51:43.023983+00	2025-06-05 09:51:43.024003+00	Sijali Bhoj Bahadur	2000-01-24	yutasoccer2063@gmail.com	08058560542	NP	東京都新宿区北新宿３丁目１２−２６	09096096503	Student	Higashi Shinjuku Japanese School	Higashi Shinjuku Japanese School	0352926355	SA03355329GA	2026-06-22				t		3	3
28	2025-06-05 09:57:12.222017+00	2025-06-05 09:57:12.222033+00	Soud Naresh Singh	2001-08-05	yutasoccer203@gmail.com	08058032487	NP	東京都新宿区北新宿３丁目１２−２６	08079308995	Student	Japanese School	Japanese school	813-5358-9181	SA03355329GA	2025-05-15				t		3	3
29	2025-06-05 10:03:03.256424+00	2025-06-05 10:03:03.256447+00	Thing Sanjay	2003-01-16	yutasoccer23@gmail.com	07065470932	NP	東京都新宿区北新宿３丁目１２−２６	07065470932	Student	Japanese School	japanese School	09065470932	UH71524432FA	2026-07-15				t		3	3
31	2025-06-05 10:12:17.808295+00	2025-06-05 10:12:17.808313+00	Kattel Arjun	2001-10-09	9sandeepbhandari@gmail.co	07031082203	NP	東京都新宿区北新宿３丁目１２−２６	07065470932	Student	Tokyo insititute for japanese language	Tokyo insititute for japanese language	070364573200	SA25892136FA	2025-06-13				t		3	3
11	2025-06-04 05:37:45.133699+00	2025-06-14 09:31:10.936518+00	Shing Tharu Sandesh	2004-05-27	Singhsandesh340@gmail.com	9847521086	NP	新宿区新宿7-27-16-102	9847521086	Student	Hana International Academy	Hana International Academy	03-5825-8338	UH05425569GA	2026-04-07				t		3	3
23	2025-06-05 05:38:29.715312+00	2025-06-15 02:15:26.941049+00	Nepali Nisha	2004-10-18	tejushrees8@gmail.com	09086188779	NP	北区赤羽台3-19-4	09086188779	Student	Tokyo university of social welfare	Tokyo university of social welfare	0000000	UH9545668FA	2025-11-29				t		3	3
5	2025-06-03 08:46:09.088116+00	2025-06-17 01:55:49.770625+00	Shrestha Sarmila	2005-09-25	plumu177@gmil.com	09092343137	NP	北区赤羽台3-19-4	09860376887	Student	ECC japanese language school	ECC japanese language school	0353313140	UH06177139FA	2026-06-07				t		3	3
20	2025-06-05 04:58:45.062991+00	2025-06-17 02:21:27.157079+00	Thapa Subash	2003-05-22	subashthapamagar296@gmail.com	09092372740	NP	北区浮間3-1-2-107	9745988251	Student	Sendagaya japanese college	Sendagaya japanese college	03-5337-7001	UH92267057FA	2026-07-24				t		3	3
30	2025-06-05 10:06:58.559295+00	2025-06-17 03:15:11.82899+00	Dhuniya Jalilhusian	2025-10-21	jalihusiandhuniya@gmail.com	07065470932	NP	東京都新宿区北新宿３丁目１２−２６	07065470932	Student	Japanese School	Japanese school	07065470932	SA47581559FA	2026-12-01				t		3	3
32	2025-06-06 01:58:24.610452+00	2025-06-06 01:58:24.610471+00	Ranapal Hem Bahadur	2005-04-08	yutasoccer263@gmail.com	07065470932	NP	北区赤羽北2-28-3	07065470932	Student	Higashi Shinjuku Japanese School	Higashi Shinjuku Japanese School	07065470932	UH72738652FA	2026-11-07				t		3	3
33	2025-06-06 02:18:06.430095+00	2025-06-06 02:18:06.430112+00	Malla Sandhya	2001-01-12	sandhyathakuri1212@gmail.com	08093353852	NP	豊島区池袋1-16-4-103	09038986920	Student	Shinyo international collage	Shinyo international collage	0487824103	SA70058452EA	2025-06-06				t		3	3
35	2025-06-06 02:34:14.231714+00	2025-06-06 02:34:14.231731+00	BK Ashok	1997-07-15	ashokbk@gmail.com	07051979021	NP	北区浮間3-1-2-107	07065470932	Student	Tak usoku university	Tak usok university	81339477111	SA83247993RA	2025-05-13				t		3	3
34	2025-06-06 02:26:54.27573+00	2025-06-06 02:36:22.484728+00	Shahi Gori	2005-02-17	gorishathakuri@gmail.com	07084541708	NP	豊島区池袋1-16-4-103	07084541708	Student	Toshin japanese language school	Toshin Japananese language school	07084541708	SA20154593FA	2005-07-17				t		3	3
36	2025-06-06 02:44:40.163208+00	2025-06-06 02:44:40.163224+00	Neupane Sujan	1999-04-19	sujanneupane786@gmail.com	09019788703	NP	北区赤羽北2-28-3	09019788703	Working Holiday	SInka Nurse	Sinka Nurse	0351591212	UH95524823FA	2025-03-24				t		3	3
37	2025-06-06 02:56:43.437465+00	2025-06-06 02:56:43.437482+00	Tamang Bishal	2001-04-19	tamangbishal@gmail.com	09075845309	NP	新宿区新宿7-27-16-203	08083494403	Student	Tokyo Marute Al collage	Tokyo marute Al collage	0333712226	UH00526559RA	2027-05-16				t		3	3
38	2025-06-06 03:04:51.335034+00	2025-06-06 03:04:51.335051+00	Joshi Mina Kumari	2003-03-01	minajoshi191@gmail.com	9742389967	NP	東京都中野区東中野3-14-2-101	9742389967	Student	Japanese language school	Japanese language school	9742389967	PA3298254	2025-04-02				t		3	3
39	2025-06-06 03:10:08.050031+00	2025-06-06 03:10:08.05005+00	Oli Surendra	1997-02-08	olisurendra@gmail.com	07065470932	NP	豊島区池袋1-16-4-103	07065470932	Student	Tokyo language school	Tokyo language school	07065470932	SA85859071FA	2025-10-17				t		3	3
40	2025-06-06 03:19:03.66226+00	2025-06-06 03:19:03.662278+00	Shrestha Puja	2000-02-19	shresthapuja@gmail.com	09063750981	NP	新宿区新宿7-27-16-203	09063277985	Student	International collage dual bussiness	international collage dual bussiness	0359375470	NP84942690FA	2025-11-10				t		3	3
41	2025-06-06 03:27:16.627492+00	2025-06-06 03:27:16.62751+00	Nepal Bishwas	1990-11-01	nepalbishwas@gmail.com	09040019220	NP	新宿区新宿7-27-16-203	07090763018	Engineer/Specialist in Humanities/International Services	Grand Castella	Grand Castella	0344006868	SA64423984LB	2025-02-24				t		3	3
42	2025-06-06 03:39:55.797782+00	2025-06-06 03:39:55.797799+00	Dharel Santosh	2000-05-08	dharelsantosh@gmail.com	07089652440	NP	東京都新宿区北新宿３丁目１２−２６	08098317757	Student	Ikushu international language Academy	ikushu international language Academy	07089652440	SA91169853FA	2024-04-07				t		3	3
43	2025-06-06 03:46:40.673404+00	2025-06-06 03:46:40.673423+00	Neupane Liladhar	2001-09-03	neupaneliladhar@gmail.com	07065470932	NP	東京都新宿区北新宿３丁目１２−２６	07065470932	Student	Tokyo wasenda forigen laguage school	Tokyo wasenda forigen school	0333656171	UH50529198FA	2026-02-04				t		3	3
44	2025-06-06 04:14:31.556804+00	2025-06-06 04:19:10.196742+00	Kami Mahesh	2000-02-27	kamikamimahesh@gmail.com	09803756432	NP	東京都新宿区北新宿３丁目１２−２６	09803756432	Student	japanese language	japanese language	07065470932	SA9g6728586FA	2024-09-10				t		3	2
45	2025-06-06 04:22:14.035787+00	2025-06-06 04:22:34.837426+00	Giri Tara Kumari	2006-03-04	giritarakumari@gmail.com	09061233768	NP	中野区東中野 1-41-10 -101	07065470932	Student	Isi japanese language school	isi japanese language school	0351556886	SA64124054FA	2025-12-14				t		3	3
46	2025-06-06 04:28:05.928937+00	2025-06-06 04:28:05.928956+00	Giri Pabitra	2003-02-21	pabitragiri@gmail.com	08046595755	NP	中野区東中野 1-41-10 -101	09061233768	Student	Fuji japanese school	Fuji japanese school	0366618868	SA83527124FA	2025-10-10				t		3	3
47	2025-06-06 04:47:42.858127+00	2025-06-06 04:47:42.858146+00	Gurung Aakash	2000-01-16	aakashgurung@gmail.com	09097280009	NP	東京都新宿区北新宿３丁目１２−２６	08058300647	Student	Tokyo waseda foreign language school shin-okubu campus	Tokyo waswda foreign language school shin-okubu campus	09097280009	SA26989271FA	2025-12-14				t		3	3
50	2025-06-06 05:05:39.265883+00	2025-06-06 05:05:39.265901+00	Thapa Magar Nabin	1987-08-05	nabinthapa@gmail.com	08057251777	NP	東京都新宿区北新宿３丁目１２−２６	08066639841	Engineer/Specialist in Humanities/International Services	TA Company -Omari	TA Company -Omari	08057251777	SA5881416FA	0005-12-19				t		3	3
51	2025-06-07 02:07:45.944305+00	2025-06-07 02:07:45.944322+00	Rokaya Chhetri Dipesh	1999-11-12	rokayachhetri@gmail.com	07065470932	NP	東京都新宿区北新宿３丁目１２−２６	07065470932	Student	ECC japanese language school wrong	ECC japanese language school wrong	07065470932	NP41365857EA	2024-02-22				t		3	3
52	2025-06-07 02:14:25.673682+00	2025-06-07 02:14:25.673703+00	Tamang Muna	2003-01-01	munatamang@gmail.com	07026321011	NP	東京都新宿区北新宿4-28-1-402	08097704047	Student	Tokyo world japanese language school	Tokyo world japanese language school	0353323531	UH06177139FA	2026-01-02				t		3	3
53	2025-06-07 02:20:25.486483+00	2025-06-07 02:28:24.594444+00	Rai Sabina	1992-04-08	sabinarai@gmail.com	08091183769	NP	東京都中野区東中野3-14-2-101	09092669623	Student	ECC japanese language school wrong	ECC japanese language school wrong	00000353313140	NP82353969JF	2024-12-21				t		3	3
55	2025-06-07 02:34:29.162706+00	2025-06-07 02:34:29.162723+00	Bhattarai Madan	1999-12-08	madanbhattarai@gmail.com	08045551430	NP	新宿区新宿7-27-16-301	08057499759	Student	ECC japanese language school wrong	ECC japanese language school wrong	000353313140	SA95503626QA	2026-12-05				t		3	3
56	2025-06-07 02:44:06.092266+00	2025-06-07 02:44:06.092286+00	Bohora Hima	2003-01-15	bohorahima@gmail.com	07047104071	NP	新宿区西新宿8-1-11-503	07011836656	Student	Lucky soul nishisinjuku	Lucky soulnishisinjuku	0359370980	NP85296968FA	2024-03-27				t		3	3
57	2025-06-07 03:11:04.79315+00	2025-06-07 03:11:04.793169+00	Basnet Suraj Kumar	2003-12-16	basnetkumar1@gmail.com	07065470932	NP	東京都新宿区北新宿３丁目１２−２６	07065470932	Student	School of mordern foreign language	School of mordern foreign language	03339-4366	NP56168260GA	2025-07-28				t		3	3
58	2025-06-07 03:18:13.987099+00	2025-06-07 03:18:13.987118+00	Rai Anjali	1996-05-05	raianjali@gmail.com	09035216334	NP	豊島区池袋1-16-4-103	817037722676	Student	Mejiro	Mejiro	81339516141	NP70194652FA	2025-12-22				t		3	3
59	2025-06-07 03:28:25.733872+00	2025-06-07 03:28:25.73389+00	Syangtan Pramila	2025-05-25	parmilalama779@gmail.com	09092801304	NP	新宿区新宿7-27-16-102	9840685691	Student	Tokyo language center	Tokyo languaage center	0334333378	UH^2974160GA	2026-05-08				t		3	3
60	2025-06-07 09:45:16.582724+00	2025-06-07 09:45:16.582743+00	Anush Bhandari	2006-12-14	99sandeepbhandari@gmail.com	09860797912	NP	新宿区西新宿8-1-11-505	9860797612	Student	Tokyo japanese language center	Tokyo japanese language center	0334333378	UH93378348GA	2026-05-08				t		3	3
49	2025-06-06 04:59:36.539493+00	2025-06-10 03:16:57.87592+00	Khadka Rajani	1997-05-11	rajanikhadka@gmail.com	07037738336	NP	豊島区池袋1-16-4-103	07037738336	Student	Rajani Khadka	Rajani khadka	08095264374	SA09187442FA	2025-11-04				t		3	3
61	2025-06-08 02:31:10.793781+00	2025-06-08 02:31:10.7938+00	Karki Nawaraj	2002-03-20	karkinabaraj@gmail.com	08062930941	NP	北区赤羽北2-28-3	08058725516	Student	Japanese School	北区赤羽北2-28-3	08062930941	NP70443208LB	2024-05-21				t		3	3
62	2025-06-08 03:08:19.857576+00	2025-06-08 03:08:19.857594+00	Pandak Ranuka	1998-08-20	pandakranuka@gmail.com	09037463398	NP	東京都新宿区下落合4丁目7-11-101	07023061879	Student	Yamato Amri nari	yamato Amri nari	07023061879	SA97139446FA	2025-03-08				t		3	3
63	2025-06-10 02:32:53.595296+00	2025-06-10 02:32:53.595313+00	Majhi Aashish	2003-04-27	aashishmajhi2060@gmail.com	9805985104	NP	新宿区西新宿8-1-11-505	9805985104	Student	Tokyo,Japanese language Center	Tokyo japanese language center	0334333378	UH16355428FA	2026-07-21				t		3	3
64	2025-06-10 02:45:37.11458+00	2025-06-10 02:45:37.114596+00	Kunwar Janak	2003-06-26	pandakranuka1@gmail.com	07089418956	NP	新宿区西新宿8-1-11-505	07089418956	Student	Tokyo,Japanese language Center	Tokyo,Japanese language Center	0334333378	UH79180043GA	2026-05-08				t		3	3
65	2025-06-10 02:58:01.156878+00	2025-06-10 02:58:01.156894+00	Shrestha Raju	1998-07-14	rajustha98818@gmail.com	09011775168	NP	新宿区西新宿8-1-11-505	09011775168	Student	Tokyo,Japanese language Center	Tokyo,Japanese language Center	0334333378	UH96411099FA	2026-02-21				t		3	3
48	2025-06-06 04:54:26.750776+00	2025-06-10 03:14:58.546909+00	Adhikari Durga	1988-08-26	durgaadhikari@gmail.com	07023185237	NP	豊島区池袋1-16-4-103	08090356751	Skilled Labor	T and S	Tand S	0369086595	SA37041056EA	2025-12-13				t		3	3
78	2025-06-14 04:06:38.27802+00	2025-06-14 04:06:38.278038+00	Gole Aasish	2003-01-26	goleaasish@gmail.com	07065470932	NP	東京都新宿区北新宿３丁目１２−２６	07065470932	Student	Tokyo	Tokyo	07065470932	UH16921049FA	2026-05-24				t		3	3
79	2025-06-14 04:13:47.266589+00	2025-06-14 04:13:47.266607+00	Oli udiram	2004-10-21	oliudiram@gmail.com	07065470932	NP	東京都新宿区北新宿３丁目１２−２６	07065470932	Student	Tokyo	Tokyo	07065470932	SA47581559FA	2026-05-12				t		3	3
69	2025-06-10 06:35:40.384603+00	2025-06-10 06:35:40.384622+00	Gelal Yogendra	2004-01-01	gelalyogendra@gmail.com	09044107114	NP	船橋市駿河台1-20-32-201	07065470932	Student	Tikyo funabashi language	Tokyo funabashi language	09044107114	UH06177139FAwr	2025-01-01				t		3	3
86	2025-06-14 05:16:50.934052+00	2025-06-15 09:27:26.799564+00	Rawal Laxman	2002-01-23	rawallaxman522@gmail.com	07090555890	NP	東京都新宿区北新宿３丁目１２−２６	07090555890	Student	Ecec japanese	Ecec japanese	07090555890	UH16921049FA	2026-01-20				t		3	3
67	2025-06-10 03:32:42.209818+00	2025-06-10 09:59:31.398294+00	Pandey Chetraj	2005-01-17	pandechetraj34@gmail.com	09081606776	NP	新宿区新宿7-27-16-203	09092059105	Student	Tokyo wasanda foregin language	Tokyo wasanda forgin language	0333656171	UH90401891GA	2026-04-07				t		3	3
71	2025-06-11 06:29:48.729481+00	2025-06-11 06:29:48.729501+00	Singh Tharu Sandesh	2004-05-27	Singhsandesh34@gmail.com	07075675007	NP	新宿区新宿7-27-16-201	09847521086	Student	Tokyo international bussiness collage	Tokyo international bussiness collage	0358258338	UH05425569GA	2026-04-07				t		3	3
8	2025-06-03 09:23:08.16112+00	2025-06-13 08:17:06.556349+00	Ghodasaini Manisha	2002-09-08	manishaupadhyaya965@gmail.com	09092362023	NP	新宿区新宿7-27-16-102	08048137105	Student	japanese language school	japanese language school	0334333378	UH45975847FA	2026-07-26				t		3	3
73	2025-06-13 08:50:57.339276+00	2025-06-13 08:50:57.339295+00	Raj Gopali	2004-09-08	rgopali917@gmail.com	07076368003	NP	新宿区新宿7-27-16-203	9821209142	Student	Tokyo world japanese language school	Tokyo world japanese language school	07040881647	SA43229762FA	2025-02-10				t		3	3
74	2025-06-13 08:58:58.639326+00	2025-06-13 08:58:58.639345+00	Bhusal Amrit Prasad	2004-04-20	amritbhusal626@gmail.com	08035453612	NP	新宿区新宿7-27-16-201	9827528545	Student	Tokyo world japanese language school	Tokyo world japanese language school	0353323531	SA02054782FA	2025-02-10				t		3	3
75	2025-06-13 09:07:19.848704+00	2025-06-13 09:07:19.848724+00	Dhami Manisha	2005-03-23	manishachhetry000@gmail.com	08090116905	NP	豊島区池袋1-16-4-103	080901116905	Student	AN language school	AN language school	09083185766	SA56219523FA	2025-04-05				t		3	3
76	2025-06-13 09:17:14.951031+00	2025-06-13 09:17:14.951051+00	Maski Magar Sandesh	2003-07-30	sandeshmagar561@gmail.com	09821368236	NP	新宿区西新宿8-1-11-505	07065470932	Student	Tokyo japanese language school	Tokyo japanese language school	08064769311	UH87319117GA	2026-05-08				t		3	3
70	2025-06-10 10:07:17.246359+00	2025-06-13 09:21:44.522478+00	Khadka Rama	1999-12-17	rk8751580@gmail.com	09092362023	NP	新宿区新宿7-27-16-102	9826343457	Student	Tokyo language center	Tokyo language center	0334333378	UH98333833GA	2026-05-08				t		3	3
66	2025-06-10 03:21:14.073682+00	2025-06-13 09:30:26.959178+00	Basnet Rabina	2002-07-28	basnetraveena11@gmail.com	09063387685	NP	豊島区池袋1-16-4-103	09063387685	Student	Wayo kokusai go gakkuin school	Wayo kokusai go gakkuin school	09063387685	SA13309664FA	2025-03-08				t		3	3
77	2025-06-14 04:01:04.915164+00	2025-06-14 04:01:04.915187+00	Pandey Hari Prasad	1984-04-16	pandeyhariprasad@gmail.com	07065470932	NP	北区赤羽北2-28-3	07065470932	Working Holiday	Tokyo	Tokyo	07065470932	UH16921049FA	2026-05-24				t		3	3
80	2025-06-14 04:17:56.569049+00	2025-06-14 04:17:56.569067+00	Chauhan Dil Kumari	1999-01-08	chauhandilkumari@gmail.com	07065470932	NP	東京都新宿区西新宿８丁目１９ アネックス小林３２２	07065470932	Student	Tokyo	Tokyo	07065470932	SA15791011FA	2025-03-07				t		3	3
81	2025-06-14 04:23:56.90102+00	2025-06-14 04:23:56.90104+00	Ghorasainee Samir	2004-10-25	ghorasaineesamir@gmail.com	07065470932	NP	北区赤羽北2-28-3	07065470932	Student	Tokyo	Tokyo	07065470932	SA10153826GA	2026-04-12				t		3	3
83	2025-06-14 04:59:27.815304+00	2025-06-14 04:59:27.815323+00	Khun Maung Bi	2004-01-04	bikhunmaung@gmail.com	07065470932	MM	Numabukuro	07065470932	Student	Tokyo	Tokyo	07065470932	UH12721098FA	2026-06-30				t		3	3
84	2025-06-14 05:08:56.099039+00	2025-06-14 05:08:56.099058+00	Roka Sujal	2004-01-04	rokasujal@gmail.com	07065470932	NP	東京都新宿区北新宿３丁目１２−２６	07065470932	Student	Tokyo	Tokyo	07065470932	UH12721098FA	2026-06-30				t		3	3
85	2025-06-14 05:12:12.795849+00	2025-06-14 05:12:12.795867+00	Saud Ranjita	2003-01-01	saudranjita@gmail.com	08077449324	NP	東京都新宿区西新宿８丁目１９ アネックス小林３２２	08077449324	Student	Tokyo	Tokyo	08077449324	UH12721098FA	2026-06-30				t		3	3
87	2025-06-14 05:41:33.579409+00	2025-06-14 05:41:33.579427+00	Karki Tej Bahadur	2003-01-02	karkitejbahadur@gmail.com	09063850495	NP	船橋市駿河台1-20-32-201	09063850495	Student	Tokyo	Tokyo	09063850495	SA10153826GAw	2027-01-01				t		3	3
88	2025-06-14 05:45:42.212407+00	2025-06-14 05:45:42.212425+00	Nepal Dharma Raj	2002-01-07	nepaldharmaraj@gmail.com	08052632316	NP	船橋市駿河台1-20-32-201	08052632316	Student	Tokyo	Tokyo	08052632316	SA10153826GAw	2027-01-01				t		3	3
89	2025-06-14 08:35:26.538715+00	2025-06-14 08:35:26.538732+00	Subedi Mohan	2004-01-02	subedimohan@gmail.com	07023137828	NP	船橋市駿河台1-20-32-201	07023137828	Student	Tokyo	Tokyo	07023137828	UH16921049FA	2026-01-04				t		3	3
72	2025-06-13 08:40:24.294923+00	2025-06-17 02:43:15.275363+00	Rawal Binod Kumar	2004-07-17	rawalbinod981@gmail.com	09011775168	NP	新宿区西新宿8-1-11-505	09011775168	Student	Tokyo japanese language center	Tokyo japanese language center	09092361353	UH8455298FA	2026-07-21				t		3	3
82	2025-06-14 04:46:06.488959+00	2025-06-17 10:09:09.57218+00	Giri Maya	2004-10-25	girimaya895@gmail.com	07065470932	NP	東京都中野区東中野3-14-2-102	07065470932	Student	5-20-24 mejiro to shima-ku,Tokyo	5-20-24 mejiro to shima-ku,Tokyo	0359962511	UH72994477EA	2026-05-26				t		3	3
90	2025-06-14 08:39:25.811509+00	2025-06-14 08:39:25.811527+00	Majhi Nirobin	2004-01-02	majhinirobin@gmail.com	09063609702	NP	船橋市駿河台1-20-32-201	09063609702	Student	Tokyo	Tokyo	09063609702	UH16921049FAw	2026-01-04				t		3	3
91	2025-06-14 08:47:43.481015+00	2025-06-14 08:47:43.481033+00	Moktang Anisha	2003-01-02	moktanganisha@gmail.com	08044767141	NP	東京都新宿区北新宿4-28-1-402	08044767141	Student	Tokyo	Tokyo	08044767141	UH16921049FAw	2026-01-02				t		3	3
92	2025-06-14 08:53:00.079383+00	2025-06-14 08:53:00.079402+00	Laxmi Moktang BIG	2003-01-01	moktanglaxmi@gmail.com	8097704047	NP	東京都新宿区北新宿4-28-1-402	08097704047	Student	Tokyo Japanese language center	Tokyo,Japanese language Center	8097704047	UH16921049FAw	2026-01-02				t		3	3
94	2025-06-14 09:13:45.934956+00	2025-06-14 09:13:45.934975+00	Kapil Neupane	2004-01-02	neupanekapil@gmail.com	8040764546	NP	新宿区新宿7-27-16-201	8040764546	Student	Tokyo	Tokyo	8040764546	UH16921049FAw	2026-07-08				t		3	3
96	2025-06-14 09:40:35.283467+00	2025-06-14 09:40:35.283484+00	Thapa Yogesh	2003-01-04	thapayogesh@gmail.com	07065470932	NP	新宿区新宿7-27-16-201	07065470932	Student	Tokyo	Tokyo	07065470932	SA10153826GAw	2026-06-05				t		3	3
97	2025-06-14 09:43:44.698271+00	2025-06-14 09:43:44.698289+00	Rai Sandeep	2004-02-03	raisandeep@gmail.com	07065470932	NP	新宿区新宿7-27-16-203	07065470932	Student	Tokyo	Tokyo	07065470932	UH16921049FA	2026-07-06				t		3	3
68	2025-06-10 03:42:37.276066+00	2025-06-14 09:48:50.056583+00	Thapa Aswin	2005-08-28	asbinthapa70@gmail.com	09092059105	NP	新宿区新宿7-27-16-203	09092059105	Student	Tokyo wasanda foregin language	Tokyo wasunda foregin language	0333656171	UH46296620GA	2026-04-07				t		3	3
98	2025-06-14 09:53:00.043417+00	2025-06-14 09:53:00.043437+00	Tamang Suraj	2003-01-02	tamangsuraj@gmail.com	9012692214	NP	新宿区新宿7-27-16-202	9012692214	Student	Tokyo	Tokyo	9012692214	UH16921049FAw	2026-01-02				t		3	3
99	2025-06-14 09:59:00.962876+00	2025-06-14 09:59:23.195535+00	Manandhar Ramhari	2004-01-02	manandharramhari@gmail.com	9012691846	NP	新宿区新宿7-27-16-202	9012691846	Student	Tokyo	Tokyo	9012691846	UH16921049FAw	2026-01-02				t		3	3
100	2025-06-14 10:03:33.132676+00	2025-06-14 10:03:33.132694+00	Manandhar Dev Narayan	1999-01-02	manandhardevkumar@gmail.com	07065470932	NP	新宿区新宿7-27-16-202	07065470932	Student	Tokyo	Tokyo	07065470932	UH06177139FAw	2026-01-02				t		3	3
101	2025-06-14 10:07:00.981913+00	2025-06-14 10:09:28.550519+00	Ansari Arbaz	2003-01-02	arbazansari@gmail.com	8090939602	NP	新宿区新宿7-27-16-301	8090939602	Student	Tokyo	Tokyo	8090939602	UH06177139FAw	2026-01-02				t		3	3
93	2025-06-14 08:56:10.497263+00	2025-06-15 02:48:11.021678+00	Laxmi Tamang SMALL	2003-08-28	tamanglaxmi1445@gmail.com	7014315073	NP	東京都新宿区北新宿4-28-1-402	08097704047	Student	Nakano School of Bussiness	Nakona School of Bussiness	0422482001	UH9183410EA	2027-05-05				t		3	3
104	2025-06-15 03:31:02.964168+00	2025-06-15 03:31:02.964187+00	Gurung Pritika	2004-01-22	pritikagurung@gmail.com	9081621649	NP	新宿区西新宿8-1-11-503	9081621649	Student	Tokyo	Tokyo	9081621649	UH06177139FAw	2026-01-01				t		3	3
103	2025-06-15 03:26:42.651746+00	2025-06-15 03:34:36.056772+00	Ale Pratiksha	2003-01-02	ale2@gmail.com	80622702470	NP	新宿区西新宿8-1-11-503	80622702470	Student	Tokyo	Tokyo	080622702470	UH06177139FAw	2026-02-04				t		3	3
102	2025-06-15 03:22:47.283497+00	2025-06-15 04:01:30.049817+00	Bhatta Wosti Anjita	2003-01-02	wostianjita@gmail.com	07065470932	NP	川越市岸町2-20-41-402	07065470932	Student	kawagoe	kawagoe	07065470932	UH06177139FAw	2026-02-05				t		3	3
105	2025-06-15 04:07:26.773734+00	2025-06-15 04:07:26.773752+00	Paudel Jeevan	2004-01-02	paudeljeevan@gmail.com	8052632316	NP	船橋市駿河台1-20-32-201	08052632316	Student	Funabashi	Funabashi	08052632316	UH06177139FAw	2005-01-02				t		3	3
106	2025-06-15 04:09:49.870361+00	2025-06-15 04:09:49.870379+00	Gurung Sunil	2004-01-02	gurung@gmail.com	8052632316	NP	船橋市駿河台1-20-32-201	08052632316	Student	Funabashi	Funabashi	08052632316	UH06177139FAw	2005-01-02				t		3	3
107	2025-06-15 04:13:40.366389+00	2025-06-15 04:13:40.366407+00	Ayer Bimala	2002-01-01	bimalaayer@gmail.com	07065470932	NP	東京都新宿区西新宿８丁目１９ アネックス小林３２２	07065470932	Student	Tokyo	Tokyo	07065470932	UH06177139FAw	2004-01-01				t		3	3
108	2025-06-15 04:19:11.348915+00	2025-06-15 04:19:11.348934+00	Nepali Alisha	2004-01-01	nepalialisha@gmail.com	9067346854	NP	東京都新宿区西新宿８丁目１９ アネックス小林３２２	9067346854	Student	Tokyo	Tokyo	9067346854	UH06177139FAw	2004-01-01				t		3	3
109	2025-06-15 04:26:57.447714+00	2025-06-15 04:28:25.929751+00	Gurung Rupa	2003-01-02	gurungrupa@gmail.com	70720174147	NP	東京都新宿区下落合4丁目7-11-101	70720174147	Student	Tokyo	Tokyo	70720174147	UH06177139FAw	2004-01-01				t		3	3
110	2025-06-15 05:06:32.070108+00	2025-06-15 05:06:32.070126+00	Khatri Yogesh	2005-01-02	katriyogesh@gmail.com	07065470932	NP	北区赤羽北2-28-3	07065470932	Student	Tokyo	Tokyo	07065470932	UH06177139FAw	2026-01-04				t		3	3
95	2025-06-14 09:38:11.80462+00	2025-06-15 09:20:21.220578+00	Rana Mausam	2004-02-12	mausamrana29@gmail.com	07085876620	NP	新宿区新宿7-27-16-201	08090164546	Student	Tokyo world japanese language school	Tokyo world japanese language school	0353313531	SA91058907FA	2025-02-10				t		3	3
117	2025-06-17 03:08:14.160622+00	2025-06-17 03:08:14.16064+00	Adhikari Rajan	2002-01-04	adhikarirajan@gmail.com	07065470932	NP	東京都新宿区北新宿３丁目１２−２６	07065470932	Student	Tokyo Japanese language Center w	Tokyo,Japanese language Center w	09092361353w	UH8455298FAw	2026-02-02				t		3	3
54	2025-06-07 02:25:47.208582+00	2025-06-15 09:30:32.374347+00	Aryal Shirshak	1999-04-09	shirshakaryal@gmail.com	080764863424	NP	新宿区新宿7-27-16-202	09063863818	Student	ECC japanese language school wrong	ECC japanese language school wrong	0000353313140	SA51296537EA	2026-05-06				t		3	3
111	2025-06-15 09:14:04.580003+00	2025-06-17 01:37:27.048982+00	Neupane Kapil	2000-12-17	neupanekapil348@gmail.com	08064235051	NP	新宿区新宿7-27-16-201	08090356751	Student	Tokyo world japanese language school	Tokyo world japanese language school	08090356751	SA18572503FA	2025-05-07				t		3	3
112	2025-06-17 01:45:31.530456+00	2025-06-17 01:45:31.530475+00	Shah Bidur Prakash	2004-01-02	shahidur@gmail.com	07065470932	NP	北区赤羽北2-28-3	07065470932	Student	Tokyo	Tokyo	07065470932	UH06177139FAw	2026-08-09				t		3	3
113	2025-06-17 01:52:13.052359+00	2025-06-17 01:52:13.052377+00	Rana Paheli Hem Bahadur	2001-04-03	ranapaheli@gmail.com	08062930941	NP	北区赤羽北2-28-3	08062930941	Student	Tokyo	Tokyo	08062930941	UH06177139FAw	2026-08-09				t		3	3
114	2025-06-17 02:04:34.775297+00	2025-06-17 02:04:34.775315+00	SHERPA PASANG LOMU	2005-09-25	plumu77@gmil.com	09092343137	NP	4北区赤羽台3-19-	09860376887	Student	ECC japanese language school	ECC japanese language school wrong	00353313140	UH06177139FA	2026-06-07				t		3	3
115	2025-06-17 02:14:55.511849+00	2025-06-17 02:14:55.511868+00	Nakarmi Rijan	2004-01-02	nakarmirijan@gmail.com	07065470932	NP	北区浮間3-1-2-107	07065470932	Student	Tokyo	Tokyo	07065470932	UH06177139FAw	2026-07-06				t		3	3
116	2025-06-17 02:18:01.54223+00	2025-06-17 02:18:01.542248+00	Thapa Magar Bikal	2003-05-05	bikalthapa@gmail.com	07065470932	NP	北区浮間3-1-2-107	07065470932	Student	Tokyo	Tokyo	07065470932	UH06177139FAw	2026-07-06				t		3	3
118	2025-06-17 03:20:02.162434+00	2025-06-17 03:20:02.162453+00	Dheral Santosh	2004-02-04	dheralsantosf@gmail.com	07065470932	NP	東京都新宿区北新宿３丁目１２−２６	07065470932	Student	Tokyo	Tokyo	07065470932	UH06177139FAw	2026-02-04				t		3	3
119	2025-06-17 03:23:15.038845+00	2025-06-17 03:23:15.038863+00	Adhikari Santosh	2004-02-04	adhikarisantosh@gmail.com	07065470932	NP	東京都新宿区北新宿３丁目１２−２６	07065470932	Student	Tokyo	Tokyo	07065470932	UH06177139FAw	2026-02-04				t		3	3
120	2025-06-17 03:25:25.173797+00	2025-06-17 03:25:25.173815+00	Laudari Sunil	2004-05-04	laudarisunil@gmail.com	07065470932	NP	東京都新宿区北新宿３丁目１２−２６	07065470932	Student	Tokyo	Tokyo	07065470932	UH06177139FAw	2026-02-04				t		3	3
121	2025-06-17 03:29:34.42017+00	2025-06-17 03:29:34.42019+00	Gurung Rajan	2004-02-04	gurungrajan@gmail.com	07065470932	NP	東京都新宿区北新宿３丁目１２−２６	07065470932	Student	Tokyo	Tokyo	07065470932	UH06177139FAw	2026-02-04				t		3	3
122	2025-06-17 03:31:39.876005+00	2025-06-17 03:31:39.876024+00	Manandhar Arjun	2004-05-03	manandhararjun@gmail.com	07065470932	NP	東京都新宿区北新宿３丁目１２−２６	07065470932	Student	Tokyo	東京都新宿区北新宿３丁目１２−２６	07065470932	UH06177139FAw	2026-02-04				t		3	3
123	2025-06-17 03:43:16.57553+00	2025-06-17 03:43:16.575548+00	Chhetri Shishir	2004-02-04	shishirchhetri1@gmail.com	07065470932	NP	東京都新宿区北新宿３丁目１２−２６	07065470932	Student	Tokyo	Tokyo	07065470932	UH06177139FAw	2026-02-04				t		3	3
124	2025-06-17 03:46:30.401426+00	2025-06-17 03:46:30.401444+00	Rana Magar Tanka Bahadur	2004-01-04	tankamagar@gamil.com	07065470932	NP	東京都新宿区北新宿３丁目１２−２６	07065470932	Student	Tokyo	Tokyo	07065470932	UH06177139FAw	2026-02-03				t		3	3
125	2025-06-17 03:53:53.980178+00	2025-06-17 03:53:53.980196+00	Sinjali Bhoj Raj	2004-01-03	sinjalibhojraj@gmail.com	07065470932	NP	東京都新宿区北新宿３丁目１２−２６	07065470932	Student	Tokyo	Tokyo	07065470932	UH06177139FAw	2026-02-03				t		3	3
\.


--
-- Data for Name: django_admin_log; Type: TABLE DATA; Schema: public; Owner: fishtail
--

COPY public.django_admin_log (id, action_time, object_id, object_repr, action_flag, change_message, content_type_id, user_id) FROM stdin;
1	2025-05-28 07:57:50.000428+00	4	Registration Fee for Manoj Adhikari - 1995-04-14	3		12	1
2	2025-05-28 07:57:50.0145+00	3	Rent for Manoj Adhikari - 1995-04-14	3		12	1
3	2025-05-28 07:57:50.016558+00	2	Hostel Monthly Rent for Manoj Adhikari - 1995-04-14	3		12	1
4	2025-05-28 07:57:50.018387+00	1	Hostel Monthly Rent for Manoj Adhikari - 1995-04-14	3		12	1
5	2025-05-28 08:16:10.580183+00	1	webmaster@fishtail.jp	2	[{"changed": {"fields": ["Email", "First name", "Last name"]}}]	6	1
6	2025-05-28 08:18:16.034319+00	2	aryalsanjib@fishtail.jp	1	[{"added": {}}]	6	1
7	2025-05-28 08:18:51.190336+00	2	aryalsanjib@fishtail.jp	2	[{"changed": {"fields": ["First name", "Last name", "Is staff", "Superuser status"]}}]	6	1
8	2025-05-28 08:25:47.179113+00	6	Rent for Manoj Adhikari - 1995-04-14	3		12	1
9	2025-05-28 08:25:47.181546+00	5	Registration Fee for Manoj Adhikari - 1995-04-14	3		12	1
10	2025-05-28 08:30:03.872691+00	7	Registration Fee for Manoj Adhikari - 1995-04-14	3		12	1
11	2025-05-28 08:35:02.360232+00	3	tejushirish@fishtail.jp	1	[{"added": {}}]	6	2
12	2025-05-28 08:36:24.694893+00	3	tejushirish@fishtail.jp	2	[{"changed": {"fields": ["First name", "Last name", "Is staff"]}}]	6	2
13	2025-06-01 05:53:13.192568+00	2	fadfas - 2025-06-03	3		11	2
14	2025-06-01 05:53:13.19682+00	1	Manoj Adhikari - 1995-04-14	3		11	2
15	2025-06-01 05:53:37.784104+00	1	Shinjuku Hostel	3		8	2
16	2025-06-02 07:15:36.334948+00	4	rimalsharehouse@fishtail.jp	1	[{"added": {}}]	6	2
17	2025-06-02 07:16:12.106834+00	4	rimalsharehouse@fishtail.jp	2	[{"changed": {"fields": ["Is staff"]}}]	6	2
18	2025-06-13 05:32:34.06643+00	1	Expense by fdsg on 2025-06-13 for 新宿区新宿7-27-16-201	1	[{"added": {}}]	15	1
19	2025-06-13 05:32:42.022513+00	1	Expense by fdsg on 2025-06-13 for 新宿区新宿7-27-16-201	3		15	1
20	2025-06-13 05:33:12.1412+00	1	Registration Fee for Pun Basanti - 1998-09-23	1	[{"added": {}}]	14	1
21	2025-06-13 05:33:52.567449+00	1	Registration Fee for Pun Basanti - 1998-09-23	3		14	1
51	2025-06-13 17:55:03.554289+00	1	Add Expenses	1	[{"added": {}}]	3	1
52	2025-06-13 17:55:43.28962+00	5	test@fishtail.jp	1	[{"added": {}}]	6	1
53	2025-06-13 17:55:49.730934+00	5	test@fishtail.jp	2	[{"changed": {"fields": ["Is staff"]}}]	6	1
54	2025-06-13 17:56:56.151706+00	5	test@fishtail.jp	2	[{"changed": {"fields": ["Groups"]}}]	6	1
55	2025-06-13 17:58:37.978333+00	5	test@fishtail.jp	3		6	1
\.


--
-- Data for Name: django_content_type; Type: TABLE DATA; Schema: public; Owner: fishtail
--

COPY public.django_content_type (id, app_label, model) FROM stdin;
1	admin	logentry
2	auth	permission
3	auth	group
4	contenttypes	contenttype
5	sessions	session
6	accounts	customuser
7	hostel	bed
8	hostel	hostel
9	hostel	unit
10	hostel	bedassignmenthistory
11	customer	customer
12	finance	revenue
13	finance	expense
14	finance	hostelrevenue
15	finance	hostelexpense
\.


--
-- Data for Name: django_migrations; Type: TABLE DATA; Schema: public; Owner: fishtail
--

COPY public.django_migrations (id, app, name, applied) FROM stdin;
1	contenttypes	0001_initial	2025-05-26 15:36:32.863602+00
2	contenttypes	0002_remove_content_type_name	2025-05-26 15:36:32.869392+00
3	auth	0001_initial	2025-05-26 15:36:32.930105+00
4	auth	0002_alter_permission_name_max_length	2025-05-26 15:36:32.935118+00
5	auth	0003_alter_user_email_max_length	2025-05-26 15:36:32.941675+00
6	auth	0004_alter_user_username_opts	2025-05-26 15:36:32.947031+00
7	auth	0005_alter_user_last_login_null	2025-05-26 15:36:32.953396+00
8	auth	0006_require_contenttypes_0002	2025-05-26 15:36:32.956628+00
9	auth	0007_alter_validators_add_error_messages	2025-05-26 15:36:32.96154+00
10	auth	0008_alter_user_username_max_length	2025-05-26 15:36:32.966617+00
11	auth	0009_alter_user_last_name_max_length	2025-05-26 15:36:32.971879+00
12	auth	0010_alter_group_name_max_length	2025-05-26 15:36:32.977125+00
13	auth	0011_update_proxy_permissions	2025-05-26 15:36:32.983073+00
14	auth	0012_alter_user_first_name_max_length	2025-05-26 15:36:32.98801+00
15	accounts	0001_initial	2025-05-26 15:36:33.05095+00
16	admin	0001_initial	2025-05-26 15:36:33.081192+00
17	admin	0002_logentry_remove_auto_add	2025-05-26 15:36:33.088139+00
18	admin	0003_logentry_add_action_flag_choices	2025-05-26 15:36:33.095218+00
19	customer	0001_initial	2025-05-26 15:36:33.152083+00
20	hostel	0001_initial	2025-05-26 15:36:33.365884+00
22	sessions	0001_initial	2025-05-26 15:36:33.488019+00
23	finance	0001_initial	2025-06-13 05:31:45.102576+00
56	finance	0002_add_status_to_hostelexpense	2025-06-13 17:19:06.475112+00
57	finance	0002_add_status_transaction_code	2025-06-13 17:34:11.490647+00
\.


--
-- Data for Name: django_session; Type: TABLE DATA; Schema: public; Owner: fishtail
--

COPY public.django_session (session_key, session_data, expire_date) FROM stdin;
mvqgm5j6zcoqxu56hqwkefknyo6iuk29	.eJxVjDsOwjAQRO_iGlm21z8o6TlDtGuvcQDZUj4V4u4kUgooZ96beYsB16UO68zTMGZxEVqcfjvC9OS2g_zAdu8y9bZMI8ldkQed5a1nfl0P9--g4ly3NVEMUAjP3hrDFJ0HV5zWSrGPjgCUJkiFg2ObgkNAILsF9j6koo34fAHYGzed:1uJZtt:akGhnT-hJrC2kJfGD3zWZNIycqGk-ggqhhPjXZJf_0k	2025-06-09 15:38:05.065688+00
fgenwex1f79kpuzuveqetey1rnenc4eg	.eJxVjDsOwjAQRO_iGlm21z8o6TlDtGuvcQDZUj4V4u4kUgooZ96beYsB16UO68zTMGZxEVqcfjvC9OS2g_zAdu8y9bZMI8ldkQed5a1nfl0P9--g4ly3NVEMUAjP3hrDFJ0HV5zWSrGPjgCUJkiFg2ObgkNAILsF9j6koo34fAHYGzed:1uJn44:QfrEvZEhvJKiIx6Ga_5pJZmZP-aEQ18QMSRkS9oJazQ	2025-06-10 05:41:28.781591+00
b2gr9vaapesp7nlbilckzw4qnu85kxod	.eJxVjDsOwjAQRO_iGlm21z8o6TlDtGuvcQDZUj4V4u4kUgooZ96beYsB16UO68zTMGZxEVqcfjvC9OS2g_zAdu8y9bZMI8ldkQed5a1nfl0P9--g4ly3NVEMUAjP3hrDFJ0HV5zWSrGPjgCUJkiFg2ObgkNAILsF9j6koo34fAHYGzed:1uJvI1:r5BfPRHSZTLzWN1fB-0H_eTKg5cUxp-XPSIBumAmp7I	2025-06-10 14:28:25.331586+00
9zc7dgmetn50kuns79f34simn1p5i60t	.eJxVjDsOwjAQRO_iGlm21z8o6TlDtGuvcQDZUj4V4u4kUgooZ96beYsB16UO68zTMGZxEVqcfjvC9OS2g_zAdu8y9bZMI8ldkQed5a1nfl0P9--g4ly3NVEMUAjP3hrDFJ0HV5zWSrGPjgCUJkiFg2ObgkNAILsF9j6koo34fAHYGzed:1uKg1i:nW78s-zTBNKt5dob3QzdFGv0SJItwi8P2ZbiBAsU6yQ	2025-06-12 16:22:42.070529+00
lz3oj9m4pfo86clptlos8nsnvimgnwsn	.eJxVjDEOwjAMRe-SGUUhTpHDyM4ZIjt2SAGlUtNOiLtDpQ6w_vfef5lE61LT2nVOo5iz8ebwuzHlh7YNyJ3abbJ5ass8st0Uu9Nur5Po87K7fweVev3WiBGRseCAg2gAEFABUOdyQWblkh1QiMEDZT0JsJRcPERlR-UYzPsD94E4-g:1uLbb9:Nf5C2ep_a1bGb_6Z1REWfg5Y5OIBscVZt_n76DN0BHE	2025-06-15 05:51:07.777034+00
bshata450eile5bhzn839du40ik28e30	.eJxVjMEOwiAQRP-FsyEta1vWo3e_gSzsIlUDSWlPxn-XJj3obWbezLyVo21NbquyuJnVRYE6_WaewlPyDvhB-V50KHldZq_3ij5o1bfC8roe3b-DRDW1NQKdRyMGIQCDjNyxxyH24rkzEw4EwaLvWSSiiSawtd4aajZOTUT1-QL2jjkJ:1uLbi5:8qCnfkI6BC6d8rtqQUJsQfJvISH2qxxOagGnzRujToE	2025-06-15 05:58:17.354254+00
shn8rw77tv87pljq9r04avfxtkyisz9c	.eJxVjDsOwjAQBe_iGln-bRxT0nMGa-1d4wBypDipEHeHSCmgfTPzXiLitta4dV7iROIstDj9bgnzg9sO6I7tNss8t3WZktwVedAurzPx83K4fwcVe_3WAGAgFMzKF05kgiWXOHgPLlllVR68Ry6lGNIeA0AeaNTo2I1W28Ti_QHnvzgO:1uLuVZ:bYJiNKaD8AylFx_0a9agMzdOP4qKnbT9lnuSqWaYBxM	2025-06-16 02:02:37.970935+00
o5pfuopyg5zaj51v52v41905astkrr32	.eJxVjDsOwjAQBe_iGlm2418o6TmDtetd4wCypXwqxN0hUgpo38y8l0iwrTVtC89pInEWVpx-N4T84LYDukO7dZl7W-cJ5a7Igy7y2omfl8P9O6iw1G_tgFSBQFjGAZWNhmKGQmGwJrtoPTJrxYajUdoFXYgwgw2jLxiiH1G8PwbpOJs:1uLzQU:2Spcqu1EjvUMQl5yTKqON_xN3V60-CqBKshsnYpBxqQ	2025-06-16 07:17:42.126129+00
3m38bgxy3fnibb6fhlvqercma2c9aygq	.eJxVjDEOwjAMRe-SGUUhTpHDyM4ZIjt2SAGlUtNOiLtDpQ6w_vfef5lE61LT2nVOo5iz8ebwuzHlh7YNyJ3abbJ5ass8st0Uu9Nur5Po87K7fweVev3WiBGRseCAg2gAEFABUOdyQWblkh1QiMEDZT0JsJRcPERlR-UYzPsD94E4-g:1uPEWy:su-Qf1y4HneKpvNw-5eRBdbQOSWS2xsqZAYxBx_EGLc	2025-06-25 06:01:48.275709+00
hj34fz2oair03ueaic3nnqk4egrh1wno	.eJxVjDEOwjAMRe-SGUUhTpHDyM4ZIjt2SAGlUtNOiLtDpQ6w_vfef5lE61LT2nVOo5iz8ebwuzHlh7YNyJ3abbJ5ass8st0Uu9Nur5Po87K7fweVev3WiBGRseCAg2gAEFABUOdyQWblkh1QiMEDZT0JsJRcPERlR-UYzPsD94E4-g:1uPEaR:uJt1xQT9VVGbS0Qu0ztHWIIpVExopzxmOJGaW0G32ug	2025-06-25 06:05:23.555508+00
r3xf540n92ecjdipgkdw7dhxzznmuyzo	.eJxVjDsOwjAQBe_iGln-bRxT0nMGa-1d4wBypDipEHeHSCmgfTPzXiLitta4dV7iROIstDj9bgnzg9sO6I7tNss8t3WZktwVedAurzPx83K4fwcVe_3WAGAgFMzKF05kgiWXOHgPLlllVR68Ry6lGNIeA0AeaNTo2I1W28Ti_QHnvzgO:1uPwIY:nN3aSTft-GHZouKKF3rX3fi9VfW4mWC_OE4ut9fTfiQ	2025-06-27 04:45:50.444301+00
mwiqekcve84qjmwsbqju6awpl0i2vpu9	.eJxVjMEOwiAQRP-FsyEta1vWo3e_gSzsIlUDSWlPxn-XJj3obWbezLyVo21NbquyuJnVRYE6_WaewlPyDvhB-V50KHldZq_3ij5o1bfC8roe3b-DRDW1NQKdRyMGIQCDjNyxxyH24rkzEw4EwaLvWSSiiSawtd4aajZOTUT1-QL2jjkJ:1uQjIG:GiPIrnLnrMKfBKS9ynE7wv9MecEGRlcfK5wTYMETGUk	2025-06-29 09:04:48.024733+00
cz2loqhvg4kqkv44vnsytqhybwfkhbuh	.eJxVjDsOwjAQBe_iGln-bRxT0nMGa-1d4wBypDipEHeHSCmgfTPzXiLitta4dV7iROIstDj9bgnzg9sO6I7tNss8t3WZktwVedAurzPx83K4fwcVe_3WAGAgFMzKF05kgiWXOHgPLlllVR68Ry6lGNIeA0AeaNTo2I1W28Ti_QHnvzgO:1uR1zn:5UtMZS4b0kpD9G3w0oTTm2NplgAF6V54zVyGo3k8Zdc	2025-06-30 05:02:59.252001+00
\.


--
-- Data for Name: finance_hostelexpense; Type: TABLE DATA; Schema: public; Owner: fishtail
--

COPY public.finance_hostelexpense (id, created_at, updated_at, purchased_date, purchased_by, bill_url, memo, approved_by, amount_before_tax, amount_tax, amount_total, created_by_id, hostel_id, updated_by_id, status, transaction_code) FROM stdin;
\.


--
-- Data for Name: finance_hostelrevenue; Type: TABLE DATA; Schema: public; Owner: fishtail
--

COPY public.finance_hostelrevenue (id, created_at, updated_at, title, year, month, deposit, deposit_discount_percent, deposit_after_discount, initial_fee, initial_fee_discount_percent, initial_fee_after_discount, internet, utilities, rent, rent_discount_percent, rent_after_discount, total_amount, memo, created_by_id, customer_id, updated_by_id) FROM stdin;
34	2025-06-17 02:14:10.18397+00	2025-06-17 02:14:10.183989+00	rent	2025	6	\N	\N	\N	\N	\N	\N	4800.00	3200.00	30000.00	0.00	30000.00	38000.00		2	23	2
35	2025-06-17 02:20:06.571518+00	2025-06-17 02:20:06.571538+00	registration_fee	2025	4	10000.00	0.00	10000.00	30000.00	0.00	30000.00	\N	\N	\N	\N	\N	40000.00		2	23	2
\.


--
-- Data for Name: hostel_bed; Type: TABLE DATA; Schema: public; Owner: fishtail
--

COPY public.hostel_bed (id, created_at, updated_at, bed_num, assigned_date, released_date, created_by_id, customer_id, unit_id, updated_by_id) FROM stdin;
2	2025-06-11 05:37:01.797391+00	2025-06-11 05:37:01.797403+00	1	\N	\N	\N	\N	4	\N
3	2025-06-11 05:37:06.563449+00	2025-06-11 05:37:06.563462+00	2	\N	\N	\N	\N	4	\N
4	2025-06-11 05:37:10.513932+00	2025-06-11 05:37:10.513945+00	3	\N	\N	\N	\N	4	\N
5	2025-06-11 05:37:13.864815+00	2025-06-11 05:37:13.864832+00	4	\N	\N	\N	\N	4	\N
7	2025-06-15 01:58:18.264709+00	2025-06-15 01:58:18.264722+00	A2	\N	\N	\N	\N	5	\N
8	2025-06-15 01:58:23.762882+00	2025-06-15 01:58:23.762894+00	A3	\N	\N	\N	\N	5	\N
9	2025-06-15 01:58:31.681977+00	2025-06-15 01:58:31.681989+00	A4	\N	\N	\N	\N	5	\N
6	2025-06-15 01:58:10.74277+00	2025-06-15 02:00:13.013004+00	A1	\N	\N	\N	\N	5	\N
12	2025-06-15 09:46:24.369293+00	2025-06-15 09:47:31.160352+00	A2	2025-05-15	\N	\N	4	6	\N
13	2025-06-15 09:48:26.366182+00	2025-06-15 09:49:15.965507+00	A3	2025-04-25	\N	\N	7	6	\N
11	2025-06-15 09:38:46.796917+00	2025-06-15 09:50:17.872244+00	A1	2025-05-15	\N	\N	3	6	\N
14	2025-06-15 09:55:19.481857+00	2025-06-15 09:56:23.742093+00	A1	2025-02-06	\N	\N	23	7	\N
10	2025-06-15 09:32:24.163113+00	2025-06-17 01:54:48.47143+00	A2	2025-01-05	\N	\N	5	39	\N
15	2025-06-15 09:57:02.474029+00	2025-06-17 02:06:56.769225+00	A2	2025-05-01	\N	\N	114	7	\N
16	2025-06-17 02:07:08.973231+00	2025-06-17 02:07:36.491325+00	A3	2025-05-01	\N	\N	6	7	\N
17	2025-06-17 04:07:31.518139+00	2025-06-17 04:09:39.346667+00	A1	2025-03-30	\N	\N	33	22	\N
18	2025-06-17 04:09:51.392881+00	2025-06-17 04:10:51.084592+00	A2	2025-03-04	\N	\N	75	22	\N
19	2025-06-17 04:24:55.729743+00	2025-06-17 04:25:40.836271+00	A2	2024-09-10	\N	\N	48	23	\N
20	2025-06-17 04:44:51.617313+00	2025-06-17 04:50:10.675503+00	A1	2024-06-24	\N	\N	66	23	\N
21	2025-06-17 04:50:55.053113+00	2025-06-17 04:52:04.981582+00	A3	2025-02-05	\N	\N	16	23	\N
22	2025-06-17 04:53:01.597906+00	2025-06-17 04:55:52.510451+00	A4	2025-04-05	\N	\N	49	23	\N
\.


--
-- Data for Name: hostel_bedassignmenthistory; Type: TABLE DATA; Schema: public; Owner: fishtail
--

COPY public.hostel_bedassignmenthistory (id, created_at, updated_at, assigned_date, released_date, bed_id, created_by_id, customer_id, updated_by_id) FROM stdin;
1	2025-06-15 02:00:13.008365+00	2025-06-15 02:00:13.008376+00	2025-05-01	2025-06-15	6	\N	12	\N
\.


--
-- Data for Name: hostel_hostel; Type: TABLE DATA; Schema: public; Owner: fishtail
--

COPY public.hostel_hostel (id, created_at, updated_at, name, common_name, hostel_type, image, total_rooms, address, longitude, latitude, memo, contract_start_date, contract_end_date, house_owner, hw_contact_num, deposit_fee, initial_fee, internet_fee, utilities_fee, rent, created_by_id, hostel_manager_id, updated_by_id) FROM stdin;
12	2025-06-03 04:53:39.19483+00	2025-06-15 02:50:23.003376+00	11: 新宿区西新宿8-1-11-503	Sinjuku Royal Copo503	girls		1	新宿区西新宿8-1-11-503	35.6947560000	139.6915686000		2025-01-01	2027-01-01	\N	\N	0.00	0.00	4800.00	0.00	0.00	3	\N	3
4	2025-06-01 10:09:12.033097+00	2025-06-14 03:40:44.865696+00	3: 2 Tokyo t o Shinjukuku  sinjuku7-27-16	Simizu Biru 203 Boys Hostel	boys		2	新宿区新宿7-27-16-203	139.7054379000	35.6988107000		2025-01-01	2027-01-01	\N	\N	0.00	0.00	4800.00	0.00	0.00	3	\N	3
20	2025-06-14 03:25:07.512562+00	2025-06-15 03:57:02.616281+00	19: Kawagoe MM Height	Kawagoi MM Height	girls		1	川越市岸町2-20-41-402	35.9005365000	139.4861289000		2025-01-01	2027-01-01	\N	\N	0.00	0.00	4800.00	0.00	0.00	3	\N	3
13	2025-06-03 07:37:06.368092+00	2025-06-15 02:51:40.346951+00	12: 豊島区池袋1-16-4-103	Ikibukuro Ladies Hostel	girls		2	豊島区池袋1-16-4-103	35.7373579000	139.7100562000		2025-01-01	2027-01-01	\N	\N	0.00	0.00	4800.00	0.00	0.00	3	\N	3
2	2025-06-01 09:53:43.630259+00	2025-06-15 02:07:47.924848+00	1: Tokyo to Kita ku Akabanedai 3-19-4	Tna Akabanedai Girls Hostel	girls		2	北区赤羽台3-19-4	139.7111710000	35.7797768000		2025-01-01	2027-01-01	\N	\N	0.00	0.00	4800.00	0.00	0.00	3	\N	3
3	2025-06-01 10:01:04.346891+00	2025-06-15 02:16:40.99277+00	2: Tokyo to Kita ukima 3-1-2	Kita Akabane Danchi 107	boys		3	北区浮間3-1-2-107	35.7862013000	35.7862013000		2025-01-02	2027-01-01	\N	\N	0.00	0.00	4800.00	0.00	0.00	3	\N	3
14	2025-06-03 07:44:45.875498+00	2025-06-15 02:53:24.13106+00	13: 東京都中野区東中野3-14-2-101	Higashinakano101,Nakono-ku,Tokyo	girls		2	東京都中野区東中野3-14-2-101	35.7089547000	139.6809848000		2025-01-01	2027-01-01	\N	\N	0.00	0.00	4800.00	0.00	0.00	3	\N	3
5	2025-06-01 10:16:14.351776+00	2025-06-15 02:19:50.516851+00	4:  1Tokyo to Shinjuku ku  sinjuku 7-27-16	simizu biru102girls hostel	girls		1	新宿区新宿7-27-16-102	35.6988107000	139.7054379000		2025-01-01	2027-01-01	\N	\N	0.00	0.00	4800.00	0.00	0.00	3	\N	3
6	2025-06-03 02:49:03.475991+00	2025-06-15 02:24:42.012441+00	5: 新宿区新宿7-27-16-201	Simizu Biru201 Boys Hostel	boys		1	新宿区新宿7-27-16-201	35.6994912000	139.7055719000		2025-01-01	2027-01-01	\N	\N	0.00	0.00	4800.00	0.00	0.00	3	\N	3
7	2025-06-03 02:59:48.59058+00	2025-06-15 02:26:36.006049+00	6: 新宿区新宿7-27-16-202	Simizu Biru202 Boys Hostel	boys		1	新宿区新宿7-27-16-202	35.6994912000	139.7055719000		2025-01-01	2027-01-01	\N	\N	0.00	0.00	4800.00	0.00	0.00	3	\N	3
8	2025-06-03 03:09:23.794754+00	2025-06-15 02:27:50.061003+00	7: 東京都新宿区北新宿4-28-1-402	Paru Manson Girls hostel	girls		2	東京都新宿区北新宿4-28-1-402	35.7066346000	139.6862680000		2025-01-01	2027-01-01	\N	\N	0.00	0.00	4800.00	0.00	0.00	3	\N	3
9	2025-06-03 03:14:41.936225+00	2025-06-15 02:29:01.997312+00	8: 船橋市駿河台1-20-32-201	Funabashi Boys Hostel	boys		3	船橋市駿河台1-20-32-201	35.7055673000	140.0027896000		2025-01-01	2027-01-01	\N	\N	0.00	0.00	4800.00	0.00	0.00	3	\N	3
10	2025-06-03 03:24:05.188076+00	2025-06-15 02:31:51.800855+00	9: 新宿区新宿7-27-16-301	Simizu Biru 301 Boys Hostel	boys		1	新宿区新宿7-27-16-301	35.6994912000	139.7055719000		2025-01-01	2027-01-01	\N	\N	0.00	0.00	4800.00	0.00	0.00	3	\N	3
11	2025-06-03 04:18:39.415903+00	2025-06-15 02:33:18.933861+00	10: 新宿区西新宿8-1-11-505	Sinjuku Royal Copo 505	boys		2	新宿区西新宿8-1-11-505	35.6947560000	139.6915686000		2025-01-01	2027-01-01	\N	\N	0.00	0.00	4800.00	0.00	0.00	3	\N	3
15	2025-06-03 07:50:24.14547+00	2025-06-15 02:56:58.119491+00	14: 東京都中野区東中野3-14-2-102	Higashinakano102,Nakono-ku,Tokyo	girls		2	東京都中野区東中野3-14-2-102	35.7089547000	139.6809848000		2025-01-01	2027-01-01	\N	\N	0.00	0.00	4800.00	0.00	0.00	3	\N	3
16	2025-06-03 08:01:41.189471+00	2025-06-15 02:58:09.269677+00	15: Tokyo to Shinjuku-ku Shimo Ochiai 4-7-11-101	Shimo Ochiai,Shinjuku-ku	girls		1	東京都新宿区下落合4丁目7-11-101	35.7188779000	139.6932269000		2025-01-01	2027-01-01	\N	\N	0.00	0.00	4800.00	0.00	0.00	3	\N	3
17	2025-06-03 08:12:02.642969+00	2025-06-15 02:59:07.160864+00	16: Tokyo to Nakano-ku Higashinakano1-41-10-101	Higashinakano,Girls Hostel 101	girls		1	中野区東中野 1-41-10 -101	35.7036431000	35.7036431000		2025-01-01	2027-01-01	\N	\N	0.00	0.00	4800.00	0.00	0.00	3	\N	3
18	2025-06-03 10:05:29.648502+00	2025-06-15 03:00:42.261613+00	17: 東京都新宿区北新宿３丁目１２−２６ T	Okubu share house	boys		6	東京都新宿区北新宿３丁目１２−２６	35.7037190000	139.6878516000		2025-01-01	2027-01-01	\N	\N	0.00	0.00	0.00	0.00	0.00	3	\N	3
19	2025-06-08 02:21:36.127631+00	2025-06-15 03:07:32.273952+00	18: 3-19-4Akabanedai,Kita-ku	3-19-4 Akabanedai,kita-ku	boys		2	北区赤羽北2-28-3	35.7870674000	139.7043556000		2025-01-01	2027-01-01	\N	\N	0.00	0.00	0.00	0.00	0.00	3	\N	3
21	2025-06-14 03:37:43.361493+00	2025-06-15 03:12:27.468169+00	20: Anex Kobayasi 322	Anex Kobayasi 322	girls		1	東京都新宿区西新宿８丁目１９ アネックス小林３２２	35.6955735000	139.6881664000		2025-01-01	2027-01-01	\N	\N	0.00	0.00	4800.00	0.00	0.00	3	\N	3
\.


--
-- Data for Name: hostel_unit; Type: TABLE DATA; Schema: public; Owner: fishtail
--

COPY public.hostel_unit (id, created_at, updated_at, unit_type, room_num, num_of_beds, unit_id, image, memo, created_by_id, hostel_id, updated_by_id) FROM stdin;
3	2025-06-06 04:18:17.474496+00	2025-06-06 04:18:17.474513+00	bedroom	B	2	\N			2	5	2
7	2025-06-15 02:16:14.701194+00	2025-06-17 02:07:36.49426+00	bedroom	A	4	student			3	2	3
4	2025-06-11 05:35:17.733191+00	2025-06-15 01:57:53.805347+00	bedroom	B	4	\N			1	4	3
22	2025-06-15 02:52:13.86568+00	2025-06-17 04:10:51.087785+00	bedroom	A	2	student			3	13	3
5	2025-06-11 05:35:30.644798+00	2025-06-15 01:59:38.275289+00	bedroom	A	4	\N			1	4	3
8	2025-06-15 02:16:58.975996+00	2025-06-15 02:16:58.976013+00	bedroom	A	4	student			3	3	3
9	2025-06-15 02:17:22.425604+00	2025-06-15 02:17:22.425621+00	bedroom	B	4	student			3	3	3
10	2025-06-15 02:18:06.208454+00	2025-06-15 02:18:06.20847+00	bedroom	C	2	student			3	3	3
2	2025-06-06 04:17:17.026106+00	2025-06-15 02:20:25.787793+00	bedroom	A	5	\N			2	5	3
11	2025-06-15 02:26:03.445723+00	2025-06-15 02:26:03.44574+00	bedroom	A	5	student			3	6	3
12	2025-06-15 02:27:06.859824+00	2025-06-15 02:27:06.859841+00	bedroom	A	5	student			3	7	3
13	2025-06-15 02:28:20.598774+00	2025-06-15 02:28:20.598791+00	bedroom	A	4	student			3	8	3
14	2025-06-15 02:28:37.436567+00	2025-06-15 02:28:37.436584+00	bedroom	B	3	\N			3	8	3
15	2025-06-15 02:29:56.160005+00	2025-06-15 02:29:56.160021+00	bedroom	A	2	student			3	9	3
16	2025-06-15 02:30:30.856101+00	2025-06-15 02:30:30.856118+00	bedroom	B	2	working			3	9	3
17	2025-06-15 02:30:52.654662+00	2025-06-15 02:30:52.65468+00	bedroom	C	4	student			3	9	3
18	2025-06-15 02:32:54.859167+00	2025-06-15 02:32:54.859183+00	bedroom	A	5	student			3	10	3
19	2025-06-15 02:33:44.378549+00	2025-06-15 02:33:44.378566+00	bedroom	A	4	student			3	11	3
20	2025-06-15 02:34:26.708511+00	2025-06-15 02:34:26.708527+00	bedroom	B	2	student			3	11	3
21	2025-06-15 02:50:50.954525+00	2025-06-15 02:50:50.954541+00	bedroom	A	4	student			3	12	3
24	2025-06-15 02:54:14.759463+00	2025-06-15 02:56:16.523908+00	bedroom	A	4	student			3	14	3
25	2025-06-15 02:56:34.04866+00	2025-06-15 02:56:34.048677+00	bedroom	B	2	student			3	14	3
26	2025-06-15 02:57:25.265566+00	2025-06-15 02:57:25.265582+00	bedroom	A	4	student			3	15	3
27	2025-06-15 02:57:43.205426+00	2025-06-15 02:57:43.205442+00	bedroom	B	2	student			3	15	3
28	2025-06-15 02:58:42.847053+00	2025-06-15 02:58:42.847069+00	bedroom	A	4	student			3	16	3
29	2025-06-15 02:59:43.669171+00	2025-06-15 02:59:43.669188+00	bedroom	A	2	student			3	17	3
30	2025-06-15 03:01:07.904939+00	2025-06-15 03:01:07.904954+00	bedroom	A	4	student			3	18	3
31	2025-06-15 03:02:14.815065+00	2025-06-15 03:02:14.815081+00	bedroom	B	4	student			3	18	3
32	2025-06-15 03:03:04.449561+00	2025-06-15 03:03:04.449579+00	bedroom	C	4	student			3	18	3
33	2025-06-15 03:05:04.198238+00	2025-06-15 03:05:04.198257+00	bedroom	D	4	student			3	18	3
34	2025-06-15 03:06:11.091175+00	2025-06-15 03:06:11.091192+00	bedroom	E	4	student			3	18	3
35	2025-06-15 03:06:38.973693+00	2025-06-15 03:06:38.97371+00	bedroom	F	4	student			3	18	3
36	2025-06-15 03:08:00.254604+00	2025-06-15 03:08:00.254621+00	bedroom	A	6	student			3	19	3
37	2025-06-15 03:08:17.220503+00	2025-06-15 03:08:17.220518+00	bedroom	B	2	student			3	19	3
38	2025-06-15 03:12:08.747152+00	2025-06-15 03:57:45.233868+00	bedroom	A	1	student			3	20	3
39	2025-06-15 03:13:37.805003+00	2025-06-15 09:36:55.093426+00	bedroom	A	5	student			3	21	3
23	2025-06-15 02:52:30.4611+00	2025-06-17 04:55:52.514841+00	bedroom	B	4	student			3	13	3
6	2025-06-15 02:08:27.40394+00	2025-06-15 09:50:17.874963+00	bedroom	B	4	student			3	2	3
\.


--
-- Name: accounts_customuser_groups_id_seq; Type: SEQUENCE SET; Schema: public; Owner: fishtail
--

SELECT pg_catalog.setval('public.accounts_customuser_groups_id_seq', 1, true);


--
-- Name: accounts_customuser_id_seq; Type: SEQUENCE SET; Schema: public; Owner: fishtail
--

SELECT pg_catalog.setval('public.accounts_customuser_id_seq', 5, true);


--
-- Name: accounts_customuser_user_permissions_id_seq; Type: SEQUENCE SET; Schema: public; Owner: fishtail
--

SELECT pg_catalog.setval('public.accounts_customuser_user_permissions_id_seq', 1, false);


--
-- Name: auth_group_id_seq; Type: SEQUENCE SET; Schema: public; Owner: fishtail
--

SELECT pg_catalog.setval('public.auth_group_id_seq', 1, true);


--
-- Name: auth_group_permissions_id_seq; Type: SEQUENCE SET; Schema: public; Owner: fishtail
--

SELECT pg_catalog.setval('public.auth_group_permissions_id_seq', 3, true);


--
-- Name: auth_permission_id_seq; Type: SEQUENCE SET; Schema: public; Owner: fishtail
--

SELECT pg_catalog.setval('public.auth_permission_id_seq', 60, true);


--
-- Name: customer_customer_id_seq; Type: SEQUENCE SET; Schema: public; Owner: fishtail
--

SELECT pg_catalog.setval('public.customer_customer_id_seq', 125, true);


--
-- Name: django_admin_log_id_seq; Type: SEQUENCE SET; Schema: public; Owner: fishtail
--

SELECT pg_catalog.setval('public.django_admin_log_id_seq', 55, true);


--
-- Name: django_content_type_id_seq; Type: SEQUENCE SET; Schema: public; Owner: fishtail
--

SELECT pg_catalog.setval('public.django_content_type_id_seq', 15, true);


--
-- Name: django_migrations_id_seq; Type: SEQUENCE SET; Schema: public; Owner: fishtail
--

SELECT pg_catalog.setval('public.django_migrations_id_seq', 57, true);


--
-- Name: finance_hostelexpense_id_seq; Type: SEQUENCE SET; Schema: public; Owner: fishtail
--

SELECT pg_catalog.setval('public.finance_hostelexpense_id_seq', 35, true);


--
-- Name: finance_hostelrevenue_id_seq; Type: SEQUENCE SET; Schema: public; Owner: fishtail
--

SELECT pg_catalog.setval('public.finance_hostelrevenue_id_seq', 35, true);


--
-- Name: hostel_bed_id_seq; Type: SEQUENCE SET; Schema: public; Owner: fishtail
--

SELECT pg_catalog.setval('public.hostel_bed_id_seq', 22, true);


--
-- Name: hostel_bedassignmenthistory_id_seq; Type: SEQUENCE SET; Schema: public; Owner: fishtail
--

SELECT pg_catalog.setval('public.hostel_bedassignmenthistory_id_seq', 1, true);


--
-- Name: hostel_hostel_id_seq; Type: SEQUENCE SET; Schema: public; Owner: fishtail
--

SELECT pg_catalog.setval('public.hostel_hostel_id_seq', 21, true);


--
-- Name: hostel_unit_id_seq; Type: SEQUENCE SET; Schema: public; Owner: fishtail
--

SELECT pg_catalog.setval('public.hostel_unit_id_seq', 39, true);


--
-- Name: accounts_customuser accounts_customuser_email_key; Type: CONSTRAINT; Schema: public; Owner: fishtail
--

ALTER TABLE ONLY public.accounts_customuser
    ADD CONSTRAINT accounts_customuser_email_key UNIQUE (email);


--
-- Name: accounts_customuser_groups accounts_customuser_groups_customuser_id_group_id_c074bdcb_uniq; Type: CONSTRAINT; Schema: public; Owner: fishtail
--

ALTER TABLE ONLY public.accounts_customuser_groups
    ADD CONSTRAINT accounts_customuser_groups_customuser_id_group_id_c074bdcb_uniq UNIQUE (customuser_id, group_id);


--
-- Name: accounts_customuser_groups accounts_customuser_groups_pkey; Type: CONSTRAINT; Schema: public; Owner: fishtail
--

ALTER TABLE ONLY public.accounts_customuser_groups
    ADD CONSTRAINT accounts_customuser_groups_pkey PRIMARY KEY (id);


--
-- Name: accounts_customuser accounts_customuser_pkey; Type: CONSTRAINT; Schema: public; Owner: fishtail
--

ALTER TABLE ONLY public.accounts_customuser
    ADD CONSTRAINT accounts_customuser_pkey PRIMARY KEY (id);


--
-- Name: accounts_customuser_user_permissions accounts_customuser_user_customuser_id_permission_9632a709_uniq; Type: CONSTRAINT; Schema: public; Owner: fishtail
--

ALTER TABLE ONLY public.accounts_customuser_user_permissions
    ADD CONSTRAINT accounts_customuser_user_customuser_id_permission_9632a709_uniq UNIQUE (customuser_id, permission_id);


--
-- Name: accounts_customuser_user_permissions accounts_customuser_user_permissions_pkey; Type: CONSTRAINT; Schema: public; Owner: fishtail
--

ALTER TABLE ONLY public.accounts_customuser_user_permissions
    ADD CONSTRAINT accounts_customuser_user_permissions_pkey PRIMARY KEY (id);


--
-- Name: auth_group auth_group_name_key; Type: CONSTRAINT; Schema: public; Owner: fishtail
--

ALTER TABLE ONLY public.auth_group
    ADD CONSTRAINT auth_group_name_key UNIQUE (name);


--
-- Name: auth_group_permissions auth_group_permissions_group_id_permission_id_0cd325b0_uniq; Type: CONSTRAINT; Schema: public; Owner: fishtail
--

ALTER TABLE ONLY public.auth_group_permissions
    ADD CONSTRAINT auth_group_permissions_group_id_permission_id_0cd325b0_uniq UNIQUE (group_id, permission_id);


--
-- Name: auth_group_permissions auth_group_permissions_pkey; Type: CONSTRAINT; Schema: public; Owner: fishtail
--

ALTER TABLE ONLY public.auth_group_permissions
    ADD CONSTRAINT auth_group_permissions_pkey PRIMARY KEY (id);


--
-- Name: auth_group auth_group_pkey; Type: CONSTRAINT; Schema: public; Owner: fishtail
--

ALTER TABLE ONLY public.auth_group
    ADD CONSTRAINT auth_group_pkey PRIMARY KEY (id);


--
-- Name: auth_permission auth_permission_content_type_id_codename_01ab375a_uniq; Type: CONSTRAINT; Schema: public; Owner: fishtail
--

ALTER TABLE ONLY public.auth_permission
    ADD CONSTRAINT auth_permission_content_type_id_codename_01ab375a_uniq UNIQUE (content_type_id, codename);


--
-- Name: auth_permission auth_permission_pkey; Type: CONSTRAINT; Schema: public; Owner: fishtail
--

ALTER TABLE ONLY public.auth_permission
    ADD CONSTRAINT auth_permission_pkey PRIMARY KEY (id);


--
-- Name: customer_customer customer_customer_email_key; Type: CONSTRAINT; Schema: public; Owner: fishtail
--

ALTER TABLE ONLY public.customer_customer
    ADD CONSTRAINT customer_customer_email_key UNIQUE (email);


--
-- Name: customer_customer customer_customer_pkey; Type: CONSTRAINT; Schema: public; Owner: fishtail
--

ALTER TABLE ONLY public.customer_customer
    ADD CONSTRAINT customer_customer_pkey PRIMARY KEY (id);


--
-- Name: django_admin_log django_admin_log_pkey; Type: CONSTRAINT; Schema: public; Owner: fishtail
--

ALTER TABLE ONLY public.django_admin_log
    ADD CONSTRAINT django_admin_log_pkey PRIMARY KEY (id);


--
-- Name: django_content_type django_content_type_app_label_model_76bd3d3b_uniq; Type: CONSTRAINT; Schema: public; Owner: fishtail
--

ALTER TABLE ONLY public.django_content_type
    ADD CONSTRAINT django_content_type_app_label_model_76bd3d3b_uniq UNIQUE (app_label, model);


--
-- Name: django_content_type django_content_type_pkey; Type: CONSTRAINT; Schema: public; Owner: fishtail
--

ALTER TABLE ONLY public.django_content_type
    ADD CONSTRAINT django_content_type_pkey PRIMARY KEY (id);


--
-- Name: django_migrations django_migrations_pkey; Type: CONSTRAINT; Schema: public; Owner: fishtail
--

ALTER TABLE ONLY public.django_migrations
    ADD CONSTRAINT django_migrations_pkey PRIMARY KEY (id);


--
-- Name: django_session django_session_pkey; Type: CONSTRAINT; Schema: public; Owner: fishtail
--

ALTER TABLE ONLY public.django_session
    ADD CONSTRAINT django_session_pkey PRIMARY KEY (session_key);


--
-- Name: finance_hostelexpense finance_hostelexpense_pkey; Type: CONSTRAINT; Schema: public; Owner: fishtail
--

ALTER TABLE ONLY public.finance_hostelexpense
    ADD CONSTRAINT finance_hostelexpense_pkey PRIMARY KEY (id);


--
-- Name: finance_hostelexpense finance_hostelexpense_transaction_code_key; Type: CONSTRAINT; Schema: public; Owner: fishtail
--

ALTER TABLE ONLY public.finance_hostelexpense
    ADD CONSTRAINT finance_hostelexpense_transaction_code_key UNIQUE (transaction_code);


--
-- Name: finance_hostelrevenue finance_hostelrevenue_pkey; Type: CONSTRAINT; Schema: public; Owner: fishtail
--

ALTER TABLE ONLY public.finance_hostelrevenue
    ADD CONSTRAINT finance_hostelrevenue_pkey PRIMARY KEY (id);


--
-- Name: hostel_bed hostel_bed_customer_id_key; Type: CONSTRAINT; Schema: public; Owner: fishtail
--

ALTER TABLE ONLY public.hostel_bed
    ADD CONSTRAINT hostel_bed_customer_id_key UNIQUE (customer_id);


--
-- Name: hostel_bed hostel_bed_pkey; Type: CONSTRAINT; Schema: public; Owner: fishtail
--

ALTER TABLE ONLY public.hostel_bed
    ADD CONSTRAINT hostel_bed_pkey PRIMARY KEY (id);


--
-- Name: hostel_bedassignmenthistory hostel_bedassignmenthistory_pkey; Type: CONSTRAINT; Schema: public; Owner: fishtail
--

ALTER TABLE ONLY public.hostel_bedassignmenthistory
    ADD CONSTRAINT hostel_bedassignmenthistory_pkey PRIMARY KEY (id);


--
-- Name: hostel_hostel hostel_hostel_name_key; Type: CONSTRAINT; Schema: public; Owner: fishtail
--

ALTER TABLE ONLY public.hostel_hostel
    ADD CONSTRAINT hostel_hostel_name_key UNIQUE (name);


--
-- Name: hostel_hostel hostel_hostel_pkey; Type: CONSTRAINT; Schema: public; Owner: fishtail
--

ALTER TABLE ONLY public.hostel_hostel
    ADD CONSTRAINT hostel_hostel_pkey PRIMARY KEY (id);


--
-- Name: hostel_unit hostel_unit_pkey; Type: CONSTRAINT; Schema: public; Owner: fishtail
--

ALTER TABLE ONLY public.hostel_unit
    ADD CONSTRAINT hostel_unit_pkey PRIMARY KEY (id);


--
-- Name: customer_customer unique_customer_name_dob_status; Type: CONSTRAINT; Schema: public; Owner: fishtail
--

ALTER TABLE ONLY public.customer_customer
    ADD CONSTRAINT unique_customer_name_dob_status UNIQUE (status, name, date_of_birth);


--
-- Name: finance_hostelrevenue unique_revenue_transaction; Type: CONSTRAINT; Schema: public; Owner: fishtail
--

ALTER TABLE ONLY public.finance_hostelrevenue
    ADD CONSTRAINT unique_revenue_transaction UNIQUE (title, customer_id, year, month);


--
-- Name: accounts_customuser_email_4fd8e7ce_like; Type: INDEX; Schema: public; Owner: fishtail
--

CREATE INDEX accounts_customuser_email_4fd8e7ce_like ON public.accounts_customuser USING btree (email varchar_pattern_ops);


--
-- Name: accounts_customuser_groups_customuser_id_bc55088e; Type: INDEX; Schema: public; Owner: fishtail
--

CREATE INDEX accounts_customuser_groups_customuser_id_bc55088e ON public.accounts_customuser_groups USING btree (customuser_id);


--
-- Name: accounts_customuser_groups_group_id_86ba5f9e; Type: INDEX; Schema: public; Owner: fishtail
--

CREATE INDEX accounts_customuser_groups_group_id_86ba5f9e ON public.accounts_customuser_groups USING btree (group_id);


--
-- Name: accounts_customuser_user_permissions_customuser_id_0deaefae; Type: INDEX; Schema: public; Owner: fishtail
--

CREATE INDEX accounts_customuser_user_permissions_customuser_id_0deaefae ON public.accounts_customuser_user_permissions USING btree (customuser_id);


--
-- Name: accounts_customuser_user_permissions_permission_id_aea3d0e5; Type: INDEX; Schema: public; Owner: fishtail
--

CREATE INDEX accounts_customuser_user_permissions_permission_id_aea3d0e5 ON public.accounts_customuser_user_permissions USING btree (permission_id);


--
-- Name: auth_group_name_a6ea08ec_like; Type: INDEX; Schema: public; Owner: fishtail
--

CREATE INDEX auth_group_name_a6ea08ec_like ON public.auth_group USING btree (name varchar_pattern_ops);


--
-- Name: auth_group_permissions_group_id_b120cbf9; Type: INDEX; Schema: public; Owner: fishtail
--

CREATE INDEX auth_group_permissions_group_id_b120cbf9 ON public.auth_group_permissions USING btree (group_id);


--
-- Name: auth_group_permissions_permission_id_84c5c92e; Type: INDEX; Schema: public; Owner: fishtail
--

CREATE INDEX auth_group_permissions_permission_id_84c5c92e ON public.auth_group_permissions USING btree (permission_id);


--
-- Name: auth_permission_content_type_id_2f476e4b; Type: INDEX; Schema: public; Owner: fishtail
--

CREATE INDEX auth_permission_content_type_id_2f476e4b ON public.auth_permission USING btree (content_type_id);


--
-- Name: customer_customer_created_by_id_fdb37fd7; Type: INDEX; Schema: public; Owner: fishtail
--

CREATE INDEX customer_customer_created_by_id_fdb37fd7 ON public.customer_customer USING btree (created_by_id);


--
-- Name: customer_customer_email_3a520497_like; Type: INDEX; Schema: public; Owner: fishtail
--

CREATE INDEX customer_customer_email_3a520497_like ON public.customer_customer USING btree (email varchar_pattern_ops);


--
-- Name: customer_customer_updated_by_id_520e1298; Type: INDEX; Schema: public; Owner: fishtail
--

CREATE INDEX customer_customer_updated_by_id_520e1298 ON public.customer_customer USING btree (updated_by_id);


--
-- Name: django_admin_log_content_type_id_c4bce8eb; Type: INDEX; Schema: public; Owner: fishtail
--

CREATE INDEX django_admin_log_content_type_id_c4bce8eb ON public.django_admin_log USING btree (content_type_id);


--
-- Name: django_admin_log_user_id_c564eba6; Type: INDEX; Schema: public; Owner: fishtail
--

CREATE INDEX django_admin_log_user_id_c564eba6 ON public.django_admin_log USING btree (user_id);


--
-- Name: django_session_expire_date_a5c62663; Type: INDEX; Schema: public; Owner: fishtail
--

CREATE INDEX django_session_expire_date_a5c62663 ON public.django_session USING btree (expire_date);


--
-- Name: django_session_session_key_c0390e0f_like; Type: INDEX; Schema: public; Owner: fishtail
--

CREATE INDEX django_session_session_key_c0390e0f_like ON public.django_session USING btree (session_key varchar_pattern_ops);


--
-- Name: finance_hostelexpense_created_by_id_5f5c2912; Type: INDEX; Schema: public; Owner: fishtail
--

CREATE INDEX finance_hostelexpense_created_by_id_5f5c2912 ON public.finance_hostelexpense USING btree (created_by_id);


--
-- Name: finance_hostelexpense_hostel_id_7308f3a3; Type: INDEX; Schema: public; Owner: fishtail
--

CREATE INDEX finance_hostelexpense_hostel_id_7308f3a3 ON public.finance_hostelexpense USING btree (hostel_id);


--
-- Name: finance_hostelexpense_updated_by_id_74b6d14a; Type: INDEX; Schema: public; Owner: fishtail
--

CREATE INDEX finance_hostelexpense_updated_by_id_74b6d14a ON public.finance_hostelexpense USING btree (updated_by_id);


--
-- Name: finance_hostelrevenue_created_by_id_46087c81; Type: INDEX; Schema: public; Owner: fishtail
--

CREATE INDEX finance_hostelrevenue_created_by_id_46087c81 ON public.finance_hostelrevenue USING btree (created_by_id);


--
-- Name: finance_hostelrevenue_customer_id_4a5a01cf; Type: INDEX; Schema: public; Owner: fishtail
--

CREATE INDEX finance_hostelrevenue_customer_id_4a5a01cf ON public.finance_hostelrevenue USING btree (customer_id);


--
-- Name: finance_hostelrevenue_updated_by_id_2ffd4978; Type: INDEX; Schema: public; Owner: fishtail
--

CREATE INDEX finance_hostelrevenue_updated_by_id_2ffd4978 ON public.finance_hostelrevenue USING btree (updated_by_id);


--
-- Name: hostel_bed_created_by_id_a395525b; Type: INDEX; Schema: public; Owner: fishtail
--

CREATE INDEX hostel_bed_created_by_id_a395525b ON public.hostel_bed USING btree (created_by_id);


--
-- Name: hostel_bed_unit_id_5c9ab7cf; Type: INDEX; Schema: public; Owner: fishtail
--

CREATE INDEX hostel_bed_unit_id_5c9ab7cf ON public.hostel_bed USING btree (unit_id);


--
-- Name: hostel_bed_updated_by_id_803e045c; Type: INDEX; Schema: public; Owner: fishtail
--

CREATE INDEX hostel_bed_updated_by_id_803e045c ON public.hostel_bed USING btree (updated_by_id);


--
-- Name: hostel_bedassignmenthistory_bed_id_26cc0278; Type: INDEX; Schema: public; Owner: fishtail
--

CREATE INDEX hostel_bedassignmenthistory_bed_id_26cc0278 ON public.hostel_bedassignmenthistory USING btree (bed_id);


--
-- Name: hostel_bedassignmenthistory_created_by_id_cbe3cc98; Type: INDEX; Schema: public; Owner: fishtail
--

CREATE INDEX hostel_bedassignmenthistory_created_by_id_cbe3cc98 ON public.hostel_bedassignmenthistory USING btree (created_by_id);


--
-- Name: hostel_bedassignmenthistory_customer_id_fc356a1b; Type: INDEX; Schema: public; Owner: fishtail
--

CREATE INDEX hostel_bedassignmenthistory_customer_id_fc356a1b ON public.hostel_bedassignmenthistory USING btree (customer_id);


--
-- Name: hostel_bedassignmenthistory_updated_by_id_305c2918; Type: INDEX; Schema: public; Owner: fishtail
--

CREATE INDEX hostel_bedassignmenthistory_updated_by_id_305c2918 ON public.hostel_bedassignmenthistory USING btree (updated_by_id);


--
-- Name: hostel_hostel_created_by_id_11bf23b4; Type: INDEX; Schema: public; Owner: fishtail
--

CREATE INDEX hostel_hostel_created_by_id_11bf23b4 ON public.hostel_hostel USING btree (created_by_id);


--
-- Name: hostel_hostel_hostel_manager_id_c1a6662c; Type: INDEX; Schema: public; Owner: fishtail
--

CREATE INDEX hostel_hostel_hostel_manager_id_c1a6662c ON public.hostel_hostel USING btree (hostel_manager_id);


--
-- Name: hostel_hostel_name_2e04eabe_like; Type: INDEX; Schema: public; Owner: fishtail
--

CREATE INDEX hostel_hostel_name_2e04eabe_like ON public.hostel_hostel USING btree (name varchar_pattern_ops);


--
-- Name: hostel_hostel_updated_by_id_3f389fee; Type: INDEX; Schema: public; Owner: fishtail
--

CREATE INDEX hostel_hostel_updated_by_id_3f389fee ON public.hostel_hostel USING btree (updated_by_id);


--
-- Name: hostel_unit_created_by_id_3a373346; Type: INDEX; Schema: public; Owner: fishtail
--

CREATE INDEX hostel_unit_created_by_id_3a373346 ON public.hostel_unit USING btree (created_by_id);


--
-- Name: hostel_unit_hostel_id_2967aecd; Type: INDEX; Schema: public; Owner: fishtail
--

CREATE INDEX hostel_unit_hostel_id_2967aecd ON public.hostel_unit USING btree (hostel_id);


--
-- Name: hostel_unit_updated_by_id_0dc1df77; Type: INDEX; Schema: public; Owner: fishtail
--

CREATE INDEX hostel_unit_updated_by_id_0dc1df77 ON public.hostel_unit USING btree (updated_by_id);


--
-- Name: unique_bedroom_per_hostel; Type: INDEX; Schema: public; Owner: fishtail
--

CREATE UNIQUE INDEX unique_bedroom_per_hostel ON public.hostel_unit USING btree (hostel_id, room_num) WHERE ((unit_type)::text = 'bedroom'::text);


--
-- Name: unique_unit_id_per_hostel; Type: INDEX; Schema: public; Owner: fishtail
--

CREATE UNIQUE INDEX unique_unit_id_per_hostel ON public.hostel_unit USING btree (hostel_id, unit_id) WHERE (NOT ((unit_type)::text = 'bedroom'::text));


--
-- Name: accounts_customuser_user_permissions accounts_customuser__customuser_id_0deaefae_fk_accounts_; Type: FK CONSTRAINT; Schema: public; Owner: fishtail
--

ALTER TABLE ONLY public.accounts_customuser_user_permissions
    ADD CONSTRAINT accounts_customuser__customuser_id_0deaefae_fk_accounts_ FOREIGN KEY (customuser_id) REFERENCES public.accounts_customuser(id) DEFERRABLE INITIALLY DEFERRED;


--
-- Name: accounts_customuser_groups accounts_customuser__customuser_id_bc55088e_fk_accounts_; Type: FK CONSTRAINT; Schema: public; Owner: fishtail
--

ALTER TABLE ONLY public.accounts_customuser_groups
    ADD CONSTRAINT accounts_customuser__customuser_id_bc55088e_fk_accounts_ FOREIGN KEY (customuser_id) REFERENCES public.accounts_customuser(id) DEFERRABLE INITIALLY DEFERRED;


--
-- Name: accounts_customuser_user_permissions accounts_customuser__permission_id_aea3d0e5_fk_auth_perm; Type: FK CONSTRAINT; Schema: public; Owner: fishtail
--

ALTER TABLE ONLY public.accounts_customuser_user_permissions
    ADD CONSTRAINT accounts_customuser__permission_id_aea3d0e5_fk_auth_perm FOREIGN KEY (permission_id) REFERENCES public.auth_permission(id) DEFERRABLE INITIALLY DEFERRED;


--
-- Name: accounts_customuser_groups accounts_customuser_groups_group_id_86ba5f9e_fk_auth_group_id; Type: FK CONSTRAINT; Schema: public; Owner: fishtail
--

ALTER TABLE ONLY public.accounts_customuser_groups
    ADD CONSTRAINT accounts_customuser_groups_group_id_86ba5f9e_fk_auth_group_id FOREIGN KEY (group_id) REFERENCES public.auth_group(id) DEFERRABLE INITIALLY DEFERRED;


--
-- Name: auth_group_permissions auth_group_permissio_permission_id_84c5c92e_fk_auth_perm; Type: FK CONSTRAINT; Schema: public; Owner: fishtail
--

ALTER TABLE ONLY public.auth_group_permissions
    ADD CONSTRAINT auth_group_permissio_permission_id_84c5c92e_fk_auth_perm FOREIGN KEY (permission_id) REFERENCES public.auth_permission(id) DEFERRABLE INITIALLY DEFERRED;


--
-- Name: auth_group_permissions auth_group_permissions_group_id_b120cbf9_fk_auth_group_id; Type: FK CONSTRAINT; Schema: public; Owner: fishtail
--

ALTER TABLE ONLY public.auth_group_permissions
    ADD CONSTRAINT auth_group_permissions_group_id_b120cbf9_fk_auth_group_id FOREIGN KEY (group_id) REFERENCES public.auth_group(id) DEFERRABLE INITIALLY DEFERRED;


--
-- Name: auth_permission auth_permission_content_type_id_2f476e4b_fk_django_co; Type: FK CONSTRAINT; Schema: public; Owner: fishtail
--

ALTER TABLE ONLY public.auth_permission
    ADD CONSTRAINT auth_permission_content_type_id_2f476e4b_fk_django_co FOREIGN KEY (content_type_id) REFERENCES public.django_content_type(id) DEFERRABLE INITIALLY DEFERRED;


--
-- Name: customer_customer customer_customer_created_by_id_fdb37fd7_fk_accounts_; Type: FK CONSTRAINT; Schema: public; Owner: fishtail
--

ALTER TABLE ONLY public.customer_customer
    ADD CONSTRAINT customer_customer_created_by_id_fdb37fd7_fk_accounts_ FOREIGN KEY (created_by_id) REFERENCES public.accounts_customuser(id) DEFERRABLE INITIALLY DEFERRED;


--
-- Name: customer_customer customer_customer_updated_by_id_520e1298_fk_accounts_; Type: FK CONSTRAINT; Schema: public; Owner: fishtail
--

ALTER TABLE ONLY public.customer_customer
    ADD CONSTRAINT customer_customer_updated_by_id_520e1298_fk_accounts_ FOREIGN KEY (updated_by_id) REFERENCES public.accounts_customuser(id) DEFERRABLE INITIALLY DEFERRED;


--
-- Name: django_admin_log django_admin_log_content_type_id_c4bce8eb_fk_django_co; Type: FK CONSTRAINT; Schema: public; Owner: fishtail
--

ALTER TABLE ONLY public.django_admin_log
    ADD CONSTRAINT django_admin_log_content_type_id_c4bce8eb_fk_django_co FOREIGN KEY (content_type_id) REFERENCES public.django_content_type(id) DEFERRABLE INITIALLY DEFERRED;


--
-- Name: django_admin_log django_admin_log_user_id_c564eba6_fk_accounts_customuser_id; Type: FK CONSTRAINT; Schema: public; Owner: fishtail
--

ALTER TABLE ONLY public.django_admin_log
    ADD CONSTRAINT django_admin_log_user_id_c564eba6_fk_accounts_customuser_id FOREIGN KEY (user_id) REFERENCES public.accounts_customuser(id) DEFERRABLE INITIALLY DEFERRED;


--
-- Name: finance_hostelexpense finance_hostelexpens_created_by_id_5f5c2912_fk_accounts_; Type: FK CONSTRAINT; Schema: public; Owner: fishtail
--

ALTER TABLE ONLY public.finance_hostelexpense
    ADD CONSTRAINT finance_hostelexpens_created_by_id_5f5c2912_fk_accounts_ FOREIGN KEY (created_by_id) REFERENCES public.accounts_customuser(id) DEFERRABLE INITIALLY DEFERRED;


--
-- Name: finance_hostelexpense finance_hostelexpens_updated_by_id_74b6d14a_fk_accounts_; Type: FK CONSTRAINT; Schema: public; Owner: fishtail
--

ALTER TABLE ONLY public.finance_hostelexpense
    ADD CONSTRAINT finance_hostelexpens_updated_by_id_74b6d14a_fk_accounts_ FOREIGN KEY (updated_by_id) REFERENCES public.accounts_customuser(id) DEFERRABLE INITIALLY DEFERRED;


--
-- Name: finance_hostelexpense finance_hostelexpense_hostel_id_7308f3a3_fk_hostel_hostel_id; Type: FK CONSTRAINT; Schema: public; Owner: fishtail
--

ALTER TABLE ONLY public.finance_hostelexpense
    ADD CONSTRAINT finance_hostelexpense_hostel_id_7308f3a3_fk_hostel_hostel_id FOREIGN KEY (hostel_id) REFERENCES public.hostel_hostel(id) DEFERRABLE INITIALLY DEFERRED;


--
-- Name: finance_hostelrevenue finance_hostelrevenu_created_by_id_46087c81_fk_accounts_; Type: FK CONSTRAINT; Schema: public; Owner: fishtail
--

ALTER TABLE ONLY public.finance_hostelrevenue
    ADD CONSTRAINT finance_hostelrevenu_created_by_id_46087c81_fk_accounts_ FOREIGN KEY (created_by_id) REFERENCES public.accounts_customuser(id) DEFERRABLE INITIALLY DEFERRED;


--
-- Name: finance_hostelrevenue finance_hostelrevenu_customer_id_4a5a01cf_fk_customer_; Type: FK CONSTRAINT; Schema: public; Owner: fishtail
--

ALTER TABLE ONLY public.finance_hostelrevenue
    ADD CONSTRAINT finance_hostelrevenu_customer_id_4a5a01cf_fk_customer_ FOREIGN KEY (customer_id) REFERENCES public.customer_customer(id) DEFERRABLE INITIALLY DEFERRED;


--
-- Name: finance_hostelrevenue finance_hostelrevenu_updated_by_id_2ffd4978_fk_accounts_; Type: FK CONSTRAINT; Schema: public; Owner: fishtail
--

ALTER TABLE ONLY public.finance_hostelrevenue
    ADD CONSTRAINT finance_hostelrevenu_updated_by_id_2ffd4978_fk_accounts_ FOREIGN KEY (updated_by_id) REFERENCES public.accounts_customuser(id) DEFERRABLE INITIALLY DEFERRED;


--
-- Name: hostel_bed hostel_bed_created_by_id_a395525b_fk_accounts_customuser_id; Type: FK CONSTRAINT; Schema: public; Owner: fishtail
--

ALTER TABLE ONLY public.hostel_bed
    ADD CONSTRAINT hostel_bed_created_by_id_a395525b_fk_accounts_customuser_id FOREIGN KEY (created_by_id) REFERENCES public.accounts_customuser(id) DEFERRABLE INITIALLY DEFERRED;


--
-- Name: hostel_bed hostel_bed_customer_id_c9432b21_fk_customer_customer_id; Type: FK CONSTRAINT; Schema: public; Owner: fishtail
--

ALTER TABLE ONLY public.hostel_bed
    ADD CONSTRAINT hostel_bed_customer_id_c9432b21_fk_customer_customer_id FOREIGN KEY (customer_id) REFERENCES public.customer_customer(id) DEFERRABLE INITIALLY DEFERRED;


--
-- Name: hostel_bed hostel_bed_unit_id_5c9ab7cf_fk_hostel_unit_id; Type: FK CONSTRAINT; Schema: public; Owner: fishtail
--

ALTER TABLE ONLY public.hostel_bed
    ADD CONSTRAINT hostel_bed_unit_id_5c9ab7cf_fk_hostel_unit_id FOREIGN KEY (unit_id) REFERENCES public.hostel_unit(id) DEFERRABLE INITIALLY DEFERRED;


--
-- Name: hostel_bed hostel_bed_updated_by_id_803e045c_fk_accounts_customuser_id; Type: FK CONSTRAINT; Schema: public; Owner: fishtail
--

ALTER TABLE ONLY public.hostel_bed
    ADD CONSTRAINT hostel_bed_updated_by_id_803e045c_fk_accounts_customuser_id FOREIGN KEY (updated_by_id) REFERENCES public.accounts_customuser(id) DEFERRABLE INITIALLY DEFERRED;


--
-- Name: hostel_bedassignmenthistory hostel_bedassignment_created_by_id_cbe3cc98_fk_accounts_; Type: FK CONSTRAINT; Schema: public; Owner: fishtail
--

ALTER TABLE ONLY public.hostel_bedassignmenthistory
    ADD CONSTRAINT hostel_bedassignment_created_by_id_cbe3cc98_fk_accounts_ FOREIGN KEY (created_by_id) REFERENCES public.accounts_customuser(id) DEFERRABLE INITIALLY DEFERRED;


--
-- Name: hostel_bedassignmenthistory hostel_bedassignment_customer_id_fc356a1b_fk_customer_; Type: FK CONSTRAINT; Schema: public; Owner: fishtail
--

ALTER TABLE ONLY public.hostel_bedassignmenthistory
    ADD CONSTRAINT hostel_bedassignment_customer_id_fc356a1b_fk_customer_ FOREIGN KEY (customer_id) REFERENCES public.customer_customer(id) DEFERRABLE INITIALLY DEFERRED;


--
-- Name: hostel_bedassignmenthistory hostel_bedassignment_updated_by_id_305c2918_fk_accounts_; Type: FK CONSTRAINT; Schema: public; Owner: fishtail
--

ALTER TABLE ONLY public.hostel_bedassignmenthistory
    ADD CONSTRAINT hostel_bedassignment_updated_by_id_305c2918_fk_accounts_ FOREIGN KEY (updated_by_id) REFERENCES public.accounts_customuser(id) DEFERRABLE INITIALLY DEFERRED;


--
-- Name: hostel_bedassignmenthistory hostel_bedassignmenthistory_bed_id_26cc0278_fk_hostel_bed_id; Type: FK CONSTRAINT; Schema: public; Owner: fishtail
--

ALTER TABLE ONLY public.hostel_bedassignmenthistory
    ADD CONSTRAINT hostel_bedassignmenthistory_bed_id_26cc0278_fk_hostel_bed_id FOREIGN KEY (bed_id) REFERENCES public.hostel_bed(id) DEFERRABLE INITIALLY DEFERRED;


--
-- Name: hostel_hostel hostel_hostel_created_by_id_11bf23b4_fk_accounts_customuser_id; Type: FK CONSTRAINT; Schema: public; Owner: fishtail
--

ALTER TABLE ONLY public.hostel_hostel
    ADD CONSTRAINT hostel_hostel_created_by_id_11bf23b4_fk_accounts_customuser_id FOREIGN KEY (created_by_id) REFERENCES public.accounts_customuser(id) DEFERRABLE INITIALLY DEFERRED;


--
-- Name: hostel_hostel hostel_hostel_hostel_manager_id_c1a6662c_fk_accounts_; Type: FK CONSTRAINT; Schema: public; Owner: fishtail
--

ALTER TABLE ONLY public.hostel_hostel
    ADD CONSTRAINT hostel_hostel_hostel_manager_id_c1a6662c_fk_accounts_ FOREIGN KEY (hostel_manager_id) REFERENCES public.accounts_customuser(id) DEFERRABLE INITIALLY DEFERRED;


--
-- Name: hostel_hostel hostel_hostel_updated_by_id_3f389fee_fk_accounts_customuser_id; Type: FK CONSTRAINT; Schema: public; Owner: fishtail
--

ALTER TABLE ONLY public.hostel_hostel
    ADD CONSTRAINT hostel_hostel_updated_by_id_3f389fee_fk_accounts_customuser_id FOREIGN KEY (updated_by_id) REFERENCES public.accounts_customuser(id) DEFERRABLE INITIALLY DEFERRED;


--
-- Name: hostel_unit hostel_unit_created_by_id_3a373346_fk_accounts_customuser_id; Type: FK CONSTRAINT; Schema: public; Owner: fishtail
--

ALTER TABLE ONLY public.hostel_unit
    ADD CONSTRAINT hostel_unit_created_by_id_3a373346_fk_accounts_customuser_id FOREIGN KEY (created_by_id) REFERENCES public.accounts_customuser(id) DEFERRABLE INITIALLY DEFERRED;


--
-- Name: hostel_unit hostel_unit_hostel_id_2967aecd_fk_hostel_hostel_id; Type: FK CONSTRAINT; Schema: public; Owner: fishtail
--

ALTER TABLE ONLY public.hostel_unit
    ADD CONSTRAINT hostel_unit_hostel_id_2967aecd_fk_hostel_hostel_id FOREIGN KEY (hostel_id) REFERENCES public.hostel_hostel(id) DEFERRABLE INITIALLY DEFERRED;


--
-- Name: hostel_unit hostel_unit_updated_by_id_0dc1df77_fk_accounts_customuser_id; Type: FK CONSTRAINT; Schema: public; Owner: fishtail
--

ALTER TABLE ONLY public.hostel_unit
    ADD CONSTRAINT hostel_unit_updated_by_id_0dc1df77_fk_accounts_customuser_id FOREIGN KEY (updated_by_id) REFERENCES public.accounts_customuser(id) DEFERRABLE INITIALLY DEFERRED;


--
-- PostgreSQL database dump complete
--

